letter_number,entity_name,entity_type
002,ELIE,PERSON
002,GIBERT,PERSON
002,Charleston,LOCATION
002,Pierre Gibert,PERSON
002,Joseph Bienaime Gibert,PERSON
002,Longcane,LOCATION
002,"Pierre, Clément",PERSON
002,Elie,PERSON
002,Etienne,PERSON
002,Jean Louis,PERSON
002,Kennedy,PERSON
002,Marie,PERSON
002,Wright,PERSON
002,Harriet,PERSON
002,Hemphill,PERSON
002,Elizabeth,PERSON
002,Lee,PERSON
002,Joseph Bienaime,PERSON
002,Kennedy,PERSON
002,Lee,PERSON
002,Joseph,PERSON
002,South Carolina,LOCATION
002,Longcane,LOCATION
002,Jean Louis Gibert,PERSON
002,Louise,PERSON
002,Longcane,PERSON
002,Charleston,LOCATION
002,Thomas,PERSON
002,Sabeau,PERSON
002,Belot,PERSON
002,Gibert,PERSON
002,France,LOCATION
002,Etienne Gibert,PERSON
002,London,LOCATION
002,Charleston,LOCATION
002,France,LOCATION
002,Elie Gibert,PERSON
003,Mary,PERSON
003,Scotch,LOCATION
003,Tom,PERSON
003,Andrew,PERSON
003,Guilfoyle,PERSON
004,Charleston,LOCATION
004,S.C.,LOCATION
004,Tom,PERSON
004,Felix,PERSON
005,Richard  Ready,PERSON
005,Dublin,LOCATION
005,Aunt,PERSON
005,Mary,PERSON
005,Minny,PERSON
005,Richard,PERSON
005,Guilfoyle,PERSON
005,Phil,PERSON
006,Charleston,LOCATION
006,Tony,PERSON
006,Cardiospermum,PERSON
007,Carey,PERSON
007,Willington,PERSON
007,Joe,PERSON
007,Louis  Gillmer,PERSON
007,Alexander  Bowie,PERSON
008,JANE,PERSON
008,"Isaac
Newton",PERSON
008,Crafts,PERSON
008,Gray,PERSON
008,Dean,PERSON
008,Dean,PERSON
008,Dean,PERSON
008,Dean,PERSON
008,Laura,PERSON
008,"Laura
Sweet",PERSON
008,Sweet,PERSON
008,Laura,PERSON
008,Miss,PERSON
008,Laura,PERSON
008,Heyward,PERSON
008,Troy,LOCATION
008,Philadelphia,LOCATION
008,Gregorie,PERSON
008,G.,PERSON
008,J.  L.  Petigru,PERSON
009,S.  LEGARE,PERSON
009,Charleston,LOCATION
009,Martin,PERSON
009,Georgetown,LOCATION
009,Milton  Ferry,PERSON
009,Jones,PERSON
009,Calhoun,PERSON
010,ELIZABETH,PERSON
011,Charleston,LOCATION
011,My  Albert,PERSON
011,Albert,PERSON
011,Becky,PERSON
011,Gibbes,PERSON
011,Porcher,PERSON
011,Susan  Webb,PERSON
011,Morris,PERSON
011,Albert,PERSON
011,Albert,PERSON
011,Tom,PERSON
011,Caroline,LOCATION
012,Jane,PERSON
012,Pendleton,LOCATION
012,Jane  Petigru,PERSON
012,Solomon,PERSON
012,North,PERSON
012,Charleston,LOCATION
012,North,PERSON
012,North,PERSON
012,Adieu,PERSON
013,Charleston,LOCATION
013,Godard,PERSON
013,Laurens,PERSON
013,Magrath*,LOCATION
013,Boycef,PERSON
013,Boyce,LOCATION
013,Godard,PERSON
013,Savannah  River,LOCATION
013,Dawson,LOCATION
013,J.  L.  Petigru,PERSON
014,Charleston,LOCATION
014,St.  Helena,LOCATION
014,Gazette,PERSON
014,Grayson,PERSON
014,Philadelphia,LOCATION
014,Huger,PERSON
014,Middleton,PERSON
014,Holmes,PERSON
014,Tazewell,PERSON
014,Holmes,PERSON
014,St.  Helena,LOCATION
014,J.  L.  Petigru,PERSON
014,B.  F.  H.*,PERSON
014,Cardoza,PERSON
015,Charleston,LOCATION
015,Elliott,PERSON
016,Charleston,LOCATION
016,"Seen
Columbia",PERSON
016,Georgetown,LOCATION
016,Joyner,PERSON
016,Baker,PERSON
016,Grayson,PERSON
016,us,LOCATION
016,Columbia,LOCATION
016,Smith,LOCATION
016,St  John's,PERSON
016,Representa-,PERSON
016,Georgetown,LOCATION
016,Georgetown,LOCATION
016,Ervin,PERSON
016,Marlborough,LOCATION
016,Preston,PERSON
016,Huger,PERSON
016,Philadelphia,LOCATION
016,Virginia,LOCATION
016,Georgia,LOCATION
016,Jackson,PERSON
016,Clay,PERSON
016,Kentucky,LOCATION
016,Ohio,LOCATION
016,Middleton,PERSON
016,Freetraders,LOCATION
016,Columbia,LOCATION
017,"ELLIOTT
LOCATION",PERSON
017,Elliott,PERSON
017,Drayton,LOCATION
017,Georgia,LOCATION
017,Clayton,PERSON
017,Laurens,PERSON
017,Augusta,PERSON
017,Oglethorpe,LOCATION
017,Augusta,PERSON
017,Wayne,PERSON
017,Forsyth,PERSON
017,Georgians,PERSON
017,North  Carolina,LOCATION
017,Alabama,LOCATION
017,States,LOCATION
017,States,LOCATION
017,Clayton,PERSON
017,Calhoun,PERSON
017,Richardson,PERSON
017,O'Neale,PERSON
017,Nominate,LOCATION
017,States,LOCATION
017,Middleton,PERSON
017,Grayson,LOCATION
017,Grayson,PERSON
018,Charleston,LOCATION
018,Elliott,PERSON
019,"ELLIOTT
LOCATION",PERSON
019,A.  H.  Brown,PERSON
019,Estill,PERSON
019,Estill,PERSON
020,Charleston,LOCATION
020,Elliott,PERSON
020,Brisbane,PERSON
020,St.  Georges,LOCATION
020,Resolutions,PERSON
020,Legis,LOCATION
020,Latinae,PERSON
021,Charleston,LOCATION
021,Elliott,PERSON
021,Chester,PERSON
021,Laurens,PERSON
021,Georgetown,LOCATION
021,Abbeville,LOCATION
021,Calhoun,PERSON
021,States,LOCATION
021,South  Carolina,LOCATION
021,South  Carolina,LOCATION
022,Charleston,LOCATION
022,Elliott,PERSON
022,St.  Georges,LOCATION
022,St.  Helena,LOCATION
022,St.  Bartholomews,LOCATION
022,St.  Thomas,LOCATION
022,Huger,PERSON
022,A.  Huger's,PERSON
022,Grayson,PERSON
022,St.,LOCATION
022,Thomas,PERSON
022,Huger,PERSON
022,the  Union,LOCATION
022,Ton,PERSON
022,Thomas,PERSON
022,St.  James  Santee,LOCATION
022,Goose  Creek,PERSON
022,Davis,PERSON
022,Luke,PERSON
022,Allston,LOCATION
022,St.  Luke's,LOCATION
022,John  Fripp,PERSON
023,BRUSSELS,LOCATION
023,Charleston,LOCATION
023,Clayton,PERSON
023,Richardson,PERSON
023,Abbeville,LOCATION
023,Charleston,LOCATION
023,Georgetown,LOCATION
023,Williamsburg,LOCATION
023,Georgetown,LOCATION
023,Williamsburg,LOCATION
023,Ton,PERSON
023,Camden,LOCATION
023,South  Carolina,LOCATION
023,The  Union,LOCATION
023,Wayne,PERSON
023,Georgia,LOCATION
023,Clayton,PERSON
023,Jones,PERSON
023,Clayton,PERSON
023,Foster,PERSON
023,Branham,PERSON
023,Georgia,LOCATION
023,Cummings,LOCATION
023,Seyle,PERSON
023,Drayton,LOCATION
023,Poinsett,PERSON
023,Tom  Gantt,PERSON
023,Turnbull,LOCATION
023,Robert  Barnwell,PERSON
023,Smith,LOCATION
023,Uncertain,PERSON
023,States,LOCATION
023,Alfred  Huger,PERSON
023,Charles,PERSON
023,Charleston,LOCATION
023,Simoniens,PERSON
023,Figaro,PERSON
024,"ELLIOTT
LOCATION",PERSON
024,Creek,LOCATION
024,S.  B.  Margin,PERSON
024,Elliott,PERSON
024,Georgia,LOCATION
024,Calhoun,PERSON
024,Savannah,LOCATION
025,S.  LEGARE,PERSON
025,BRUSSELS,LOCATION
025,Charleston,LOCATION
025,Jack,PERSON
025,McDuffie,PERSON
025,Hamilton,PERSON
025,Johnson,PERSON
025,O'Neall,LOCATION
025,Johnson,PERSON
025,O'Neal,PERSON
025,United  States,LOCATION
025,Poinsett,PERSON
025,Ben  Hunt,PERSON
025,Hamilton,PERSON
025,Scott,PERSON
025,Sullivan,PERSON
025,Carew,PERSON
025,Hamilton,PERSON
025,McDuffie,PERSON
025,Frost,PERSON
025,Patterson,PERSON
025,Martin,PERSON
025,Earle,PERSON
025,Evans,PERSON
025,Gantt,PERSON
025,ardson,PERSON
025,Henry  A.,PERSON
025,Toomer,PERSON
025,Horry,PERSON
025,Spartanburg,LOCATION
025,Greenville,LOCATION
025,Lancaster,PERSON
025,States,LOCATION
025,Cooper,PERSON
025,Smith,LOCATION
025,Robert  Barnwell,PERSON
025,Henry  L.  Pinckney,PERSON
025,Drayton,LOCATION
025,Charles,PERSON
025,James  Louis  Petigru,PERSON
026,Charleston,LOCATION
026,Duffie,PERSON
026,Johnson,PERSON
026,Richardson,PERSON
026,Gantt,PERSON
026,Calhoun,PERSON
026,Smith,LOCATION
026,Charleston,LOCATION
026,Philip  Cohen,PERSON
026,Rutledge,LOCATION
026,Holmes,PERSON
026,Charleston,LOCATION
026,Charleston,LOCATION
026,Preston,PERSON
026,Hamilton,PERSON
026,Havana,LOCATION
026,South  Carolina,LOCATION
026,St.,LOCATION
026,Thomas,PERSON
026,Canterbury,LOCATION
026,Webster,PERSON
026,Calhoun,PERSON
026,Webster,PERSON
026,Calhoun,PERSON
026,Virginia,LOCATION
026,South  Carolina,LOCATION
026,"Benjamin
Watkins  Leigh  was",PERSON
026,South  Carolina,LOCATION
026,Virginia,LOCATION
026,Forsyth,LOCATION
026,Georgia,LOCATION
026,Milledgeville,PERSON
026,Southern  States,LOCATION
026,States,LOCATION
026,Virginia,LOCATION
026,Southern  States,LOCATION
026,South  Carolina,LOCATION
026,Pringle,PERSON
026,Circus,LOCATION
026,Georgians,PERSON
026,Alfred  Huger,PERSON
026,Thomas,PERSON
026,Elliott,PERSON
026,Savannah,LOCATION
026,Savannah,LOCATION
026,Seaborn  Jones,PERSON
026,Columbus,LOCATION
026,Beaufort,LOCATION
026,Young  Hayne,PERSON
026,Huger,PERSON
026,Tom,PERSON
027,Charleston,LOCATION
027,Huger,PERSON
027,Pringle,PERSON
027,Heyward,PERSON
027,Elliott,PERSON
027,New  York,LOCATION
027,Calhoun,PERSON
027,Martin,PERSON
027,R.  N.,PERSON
027,McDuflie,PERSON
027,Hamilton,PERSON
027,Fort,LOCATION
027,Moultrie,PERSON
027,Hampden,PERSON
027,Washington,LOCATION
027,Calhoun,PERSON
027,Webster,PERSON
027,Webster,PERSON
027,Calhoun,PERSON
027,Duff  Green,PERSON
027,Duff,PERSON
027,Calhoun,PERSON
027,Benjamin,PERSON
027,Leigh,PERSON
027,Virginia,LOCATION
027,Hamilton,PERSON
027,Leigh,PERSON
027,Virginia,LOCATION
027,Jefferson,PERSON
027,Calhoun,PERSON
027,Leigh,PERSON
027,Tyler,PERSON
027,Calhoun,PERSON
027,Leigh,PERSON
027,McDuffie,PERSON
027,Washington,LOCATION
027,Richardson,PERSON
027,Drove  Johnson,PERSON
027,Virginia,LOCATION
027,Singleton,LOCATION
028,Charleston,LOCATION
028,Elliott,PERSON
028,Adieu,LOCATION
029,HUGH S. LEGARE,PERSON
029,Washington,LOCATION
029,Schmidt,PERSON
029,Brutus,PERSON
029,"Alfred
Huger",PERSON
029,Ben  Huger,PERSON
029,Charles  Alfred,PERSON
029,Drayton,LOCATION
029,Drayton,LOCATION
029,Charleston,LOCATION
029,Philadelphia,LOCATION
029,Hamilton,PERSON
029,Hamilton,PERSON
029,Jacobins,PERSON
029,Warren,PERSON
029,Tom  Williams,PERSON
029,Williams,PERSON
029,Gisberne,PERSON
029,Davis,PERSON
029,Felder,PERSON
029,Columbia,LOCATION
029,Martin,PERSON
029,Charleston,LOCATION
029,Martin,PERSON
029,Belgium,LOCATION
029,Calhoun,PERSON
029,Webster,PERSON
029,Jeroboam,PERSON
029,South  Carolina,LOCATION
029,Rome,LOCATION
029,United  States,LOCATION
029,States,LOCATION
029,William  Jones,PERSON
029,Georgia,LOCATION
029,Virginia,LOCATION
029,Charleston,LOCATION
029,Henry  Cruger,PERSON
029,Miss,PERSON
029,Douglas,PERSON
029,Georgia,LOCATION
029,Bergeaud,PERSON
029,Louis  Philippe,PERSON
030,HUGH S. LEGARE,PERSON
030,Charleston,LOCATION
030,Calhoun,PERSON
030,United  States,LOCATION
030,Isaac  Holmes,PERSON
030,Martin,PERSON
030,Martin,PERSON
030,Balaam,PERSON
030,Georgia,LOCATION
030,Clark,PERSON
030,South  Carolina,LOCATION
030,Clark,PERSON
030,Calhoun,PERSON
030,Hamilton,PERSON
030,Cooper,PERSON
030,"Robert
Barnwell",PERSON
030,Smith,LOCATION
030,Stephen  Elliott,PERSON
030,Grayson,PERSON
030,Cooper,PERSON
030,Smith,LOCATION
030,Mark  Anthony,PERSON
030,Smith,LOCATION
030,Martin,PERSON
030,Cooper,PERSON
030,Revival,PERSON
030,Cooper,PERSON
030,Calhoun,PERSON
030,McDufiie,PERSON
030,Turnbull,LOCATION
030,Calhoun,PERSON
031,HUGH S. LEGARE,PERSON
031,Charleston,LOCATION
031,Greenville,LOCATION
031,Poinsett,PERSON
031,Jackson,PERSON
031,Poinsett,PERSON
031,Hunt,PERSON
031,Edward  Hales,PERSON
031,O'Neall,PERSON
031,Johnson,PERSON
031,Grimke,PERSON
031,P.  Finley,PERSON
031,Grimke,LOCATION
031,Calhoun,PERSON
031,Hayne,PERSON
031,Columbia,LOCATION
031,Blanding,LOCATION
031,Tom  Williams,PERSON
031,Waddy,PERSON
031,Franklin  Elmore,PERSON
031,Poor  Blair,PERSON
031,Washington,LOCATION
031,Murphy,PERSON
031,Alabama,LOCATION
031,Hunt,PERSON
031,T.  O.  Elliott,PERSON
031,James  Smith,PERSON
031,Jerry  Yates,PERSON
031,Smith,PERSON
031,United  States,LOCATION
031,"South 
Carolina",LOCATION
031,United  States,LOCATION
031,Hamilton,PERSON
031,McDuffie,PERSON
031,Caroline,LOCATION
031,New  York,LOCATION
031,Hamilton,PERSON
031,"Douglass 
Cruger",PERSON
031,Bertrand,LOCATION
031,Paris,LOCATION
031,Washington,LOCATION
032,Charleston,LOCATION
032,Hamilton,PERSON
032,Columbia,LOCATION
032,Philadelphia,LOCATION
032,New  York,LOCATION
032,Henry  Cruger,PERSON
032,Hamilton,PERSON
032,Bensse,LOCATION
032,Chesterfield,LOCATION
032,Lose,PERSON
032,St.,LOCATION
032,Thomas,PERSON
032,Laurens,PERSON
032,Washington,LOCATION
033,Charleston,LOCATION
033,James  Louis  Petigru,PERSON
033,Columbia,LOCATION
033,Charleston,LOCATION
033,Circus,LOCATION
033,Circus,LOCATION
033,Circus,LOCATION
033,Circus,LOCATION
033,Circus,LOCATION
033,Circus,LOCATION
033,Dunkin,PERSON
034,Charleston,LOCATION
034,Bill,PERSON
034,Warren,PERSON
034,Huger,PERSON
034,Bill,PERSON
035,Charleston,LOCATION
035,O'Neall,LOCATION
035,Johnson,PERSON
035,Plowden,LOCATION
035,Lewis,PERSON
035,Gregg,PERSON
035,Dagon,PERSON
035,Columbia,LOCATION
035,Charleston,LOCATION
035,Jefferson,PERSON
035,Charleston,LOCATION
035,Magrath,LOCATION
035,Holmes,PERSON
035,Holmes,PERSON
035,Holmes,PERSON
035,Burrell,PERSON
035,New  York,LOCATION
035,Grimke,PERSON
035,Pat,PERSON
035,Thomas,PERSON
035,Alfred,PERSON
035,Virginia,LOCATION
035,Pendleton,LOCATION
035,South  Carolina,LOCATION
035,Johnson,PERSON
035,Richardson,PERSON
035,New  York,LOCATION
035,States,LOCATION
035,Delaware,LOCATION
035,Berrien,PERSON
035,LaFayette,PERSON
035,Georgia,LOCATION
035,Island,LOCATION
035,Thermometer,PERSON
035,Hamilton,PERSON
035,Island,LOCATION
036,Charleston,LOCATION
036,St.  Stephen's,LOCATION
036,America,LOCATION
036,Solomon,PERSON
036,Johnson,PERSON
036,Pringle,PERSON
036,Poinsett,PERSON
036,Wayne,PERSON
036,Georgia,LOCATION
036,Drayton,LOCATION
036,Drayton,LOCATION
036,Tom  Condy,PERSON
036,Tom,PERSON
036,Bench,LOCATION
036,William  Scott,PERSON
036,Marshall,PERSON
036,Uncle,PERSON
036,Sam,PERSON
036,Charleston,LOCATION
036,Drayton,LOCATION
036,Hamilton,PERSON
036,Demos,PERSON
036,Calhoun,PERSON
036,Magrath,LOCATION
036,Savannah  River,LOCATION
036,Wightman,PERSON
036,New  York,LOCATION
036,Mammon,PERSON
036,Hamilton,PERSON
036,Savannah  River,LOCATION
036,Pringle,PERSON
037,Charleston,LOCATION
037,Grimke,LOCATION
037,Columbus,LOCATION
037,Ohio,LOCATION
037,Ohio,LOCATION
037,Holmes,PERSON
037,Magrath,LOCATION
037,Davis,PERSON
037,The  Union,LOCATION
037,pell,PERSON
037,Hamilton,PERSON
037,Hamilton,PERSON
037,Hamilton,PERSON
037,Dickson,PERSON
037,Dickson,PERSON
037,Dickson,PERSON
037,the  Union,LOCATION
037,Georgia,LOCATION
037,Gilmer,PERSON
037,Calhoun,PERSON
037,Georgia,LOCATION
037,Georgia,LOCATION
037,Bacot,LOCATION
037,Alfred  Huger,PERSON
037,Virginia,LOCATION
037,Johnson,PERSON
037,North,PERSON
037,Whigs,LOCATION
037,Wayne,PERSON
037,Drayton,LOCATION
037,Berrien,PERSON
037,Savannah,LOCATION
037,Wightman,PERSON
037,Wightman,PERSON
037,Henry  North,PERSON
038,Charleston,LOCATION
038,Drayton,LOCATION
038,the  Union,LOCATION
038,Bill,PERSON
038,Poinsett,PERSON
038,Mountaineers,PERSON
038,McCord,PERSON
038,Hamilton,PERSON
038,Jackson,PERSON
038,the  Union,LOCATION
038,Georgia,LOCATION
038,The  Union,LOCATION
038,Huger,PERSON
038,Charleston,LOCATION
038,Wayne,PERSON
039,Carolina,LOCATION
039,a  Union  Convention,LOCATION
039,United  States  Constitution,LOCATION
039,United  States,LOCATION
039,Hamilton,PERSON
039,Richardson,PERSON
039,J.  P.,PERSON
039,relatione^,LOCATION
039,David  McCord,PERSON
039,Richardson,PERSON
039,David,PERSON
039,Richardson,PERSON
039,Lee,PERSON
039,Columbia,LOCATION
039,Tom  Williams,PERSON
039,WiUiam,PERSON
039,United  States,LOCATION
039,T.  W.  to,PERSON
039,Lee,PERSON
039,McCord,PERSON
039,Abbeville,LOCATION
039,McCord,PERSON
039,United  States,LOCATION
039,Richardson,PERSON
039,McCord,PERSON
039,Hamilton,PERSON
039,Chesnut,PERSON
039,Clark,PERSON
039,the  Union,LOCATION
039,McCord,PERSON
039,Richardson,PERSON
039,McCord,PERSON
039,McCord,PERSON
039,the  Union,LOCATION
039,Hamilton,PERSON
039,McDuffie,PERSON
039,Augusta,PERSON
039,Hamilton,PERSON
039,John,PERSON
039,Lancaster,PERSON
039,United  States,LOCATION
039,Lancaster,PERSON
039,Hamilton,PERSON
039,Calhoun,PERSON
040,Charleston,LOCATION
040,Porcher,PERSON
040,Charles,PERSON
040,Mary,PERSON
040,Harriette,PERSON
040,Mary,PERSON
040,Harriette,PERSON
040,Jack,PERSON
040,Pettigrew,LOCATION
040,Robert  Pettigrew,PERSON
040,Solicitor,PERSON
040,Thomas  Joseph  Pettigrew,PERSON
040,London,LOCATION
040,France,LOCATION
040,Scotland,LOCATION
040,Ireland,LOCATION
040,France,LOCATION
040,James,PERSON
040,Mathew  Petigru,PERSON
040,Glasgow,PERSON
040,William  Beechy,PERSON
040,Margaret,PERSON
040,Caroline,LOCATION
040,Charles,PERSON
041,Charleston,LOCATION
041,Bill,PERSON
041,McCord,PERSON
041,Johnston,PERSON
041,O'Neale,PERSON
041,Albert,PERSON
041,Smith,LOCATION
041,Bill,PERSON
041,Bill,PERSON
042,Jane,PERSON
043,JANE  PETIGRU,PERSON
043,Sally,PERSON
043,Sally,PERSON
043,Sabbath,PERSON
044,Charleston,LOCATION
044,Holmes,PERSON
044,Boyer,PERSON
045,Charleston,LOCATION
045,Patriot,PERSON
045,Bennett,PERSON
045,Bennett,PERSON
045,Steedman,PERSON
045,Holmes,PERSON
045,Holmes,PERSON
045,Bennett,PERSON
046,Charleston,LOCATION
046,Boston,LOCATION
046,"New
York",LOCATION
046,Forsyth,PERSON
046,Washington,LOCATION
046,Yeadon,LOCATION
046,J.  C.  Calhoun,PERSON
046,Keith,PERSON
046,L.  P.  Holmes,PERSON
046,Hamilton,PERSON
046,Peronneau,PERSON
046,Henry,LOCATION
046,Ripley,LOCATION
046,Seymour,PERSON
046,Howland,LOCATION
046,Ripley,LOCATION
046,Washington,LOCATION
046,Washington,LOCATION
046,Preston,PERSON
046,Georgetown,LOCATION
047,Charleston,LOCATION
047,Jane,PERSON
047,Frost,PERSON
047,Shall,PERSON
047,Jim,PERSON
047,Broad,PERSON
047,Savannah,LOCATION
047,Georgetown,LOCATION
047,Pringle,PERSON
047,Orange  Street,LOCATION
047,Ohio,LOCATION
047,Tom,PERSON
048,JANE,PERSON
048,Washington,LOCATION
048,Louisville,LOCATION
048,Columbus,LOCATION
048,Nashville,LOCATION
048,Rutledge,LOCATION
048,Mississippi,LOCATION
048,South  Carolina,LOCATION
048,South  Carolina,LOCATION
048,South  Carolina,LOCATION
049,Washington,LOCATION
049,Hugh,PERSON
049,Calhoun,PERSON
049,Hamilton,PERSON
049,Rhetts,PERSON
049,Texas,LOCATION
049,McDuflie,PERSON
049,Calhoun,LOCATION
049,Texas,LOCATION
049,New  England,LOCATION
049,South  Carolina,LOCATION
050,JANE,PERSON
050,Jane,PERSON
050,Calhoun,PERSON
050,Preston,PERSON
050,Hamilton,PERSON
050,McDuffie,PERSON
050,Hervemont,LOCATION
050,Jack,PERSON
050,Sarah,PERSON
050,China,LOCATION
050,Joe  Lesesne,PERSON
050,Mobile,LOCATION
050,Joe,PERSON
050,Joe,PERSON
051,JANE,PERSON
051,Charleston,LOCATION
051,Badwell,PERSON
051,Tom,PERSON
051,Georgetown,LOCATION
052,JANE,PERSON
052,Charleston,LOCATION
052,Jane,PERSON
052,Charleston,LOCATION
052,Magrath,LOCATION
052,Porcher,PERSON
052,Liberty  Street,LOCATION
052,Hamilton,PERSON
052,Hamilton,PERSON
052,James,PERSON
052,Laurens,PERSON
052,Liberty,LOCATION
052,Augusta,LOCATION
052,Daniel,PERSON
052,Baltimore,LOCATION
052,Maryland,LOCATION
053,JANE,PERSON
053,Jane,PERSON
053,Tom,PERSON
053,Greenville,LOCATION
053,Milledgeville,PERSON
053,Gilmer,PERSON
053,Augusta,LOCATION
053,Tom,PERSON
053,Chattahoochie,PERSON
053,Gilmer,PERSON
053,Tom,PERSON
053,Anne,PERSON
053,Mary,PERSON
053,Jane,PERSON
054,Charleston,LOCATION
054,Httle,PERSON
054,Huger,PERSON
054,Pringle,PERSON
054,Kinloch,PERSON
054,Jnd,PERSON
054,Holmes,PERSON
054,Poinsett,PERSON
054,Bennett,PERSON
054,Huger,PERSON
054,Calhoun,PERSON
054,Poinsett,PERSON
054,New  York,LOCATION
054,Jove,PERSON
055,JANE,PERSON
055,Jane,PERSON
055,Trezevant,PERSON
055,Casey,PERSON
055,Margaret,PERSON
055,Willington,PERSON
055,Ben,PERSON
055,Charleston,LOCATION
055,Reid,PERSON
055,Ben,PERSON
055,Smith,PERSON
055,Abbott,LOCATION
055,Caroline,PERSON
055,Trezevant,PERSON
055,Savannah,LOCATION
056,JANE,PERSON
056,Tom,PERSON
056,Tom,PERSON
057,JANE,PERSON
057,Charleston,LOCATION
057,Mary,PERSON
057,Norths,PERSON
057,Caroline,LOCATION
057,Dan,PERSON
057,Drayton,LOCATION
057,Lee,PERSON
057,Jane,PERSON
058,Charleston,LOCATION
058,Aunt,PERSON
058,Jane,PERSON
058,Ma,PERSON
058,Ma,PERSON
058,Jack,PERSON
058,Dan,PERSON
058,Maria  Murray,PERSON
058,Sue,PERSON
058,Dean,PERSON
058,Ma,PERSON
058,Dan,PERSON
059,Georgetown,LOCATION
059,Queen  Streets,PERSON
059,Richard,PERSON
059,St.  Finbar's,LOCATION
059,Dana,PERSON
059,Rev,PERSON
059,Episcopal,PERSON
059,Charles  Elliott,PERSON
059,Dan,PERSON
059,Princeton,PERSON
059,Bill,PERSON
059,Dan,PERSON
059,Signor  Ravina,PERSON
059,Abelard,PERSON
059,Ma,PERSON
059,Louisa,PERSON
059,Neufville,PERSON
059,Ma,PERSON
059,Familiar,PERSON
060,Charleston,LOCATION
061,JAMES  HAMILTON,PERSON
061,JR,PERSON
061,Hamilton,PERSON
061,J.  L.  Petigru,PERSON
061,Charleston,LOCATION
061,J.  Hamilton,PERSON
061,Hamburgh,LOCATION
061,Hamilton,PERSON
061,J.  L.  Petigru,PERSON
061,Charleston,LOCATION
061,James  Hamilton,PERSON
062,JANE,PERSON
062,Charleston,LOCATION
062,Charleston,LOCATION
062,Tom,PERSON
063,JANE  PETIGRU,PERSON
063,Charleston,LOCATION
063,Washington,LOCATION
063,burton,PERSON
063,Maine,LOCATION
063,Maine,LOCATION
063,Massachusetts,LOCATION
063,Webster,PERSON
063,Webster,PERSON
063,Washington,LOCATION
063,Oliver  Smith,PERSON
063,T.  Higham,PERSON
063,Smith,LOCATION
063,Tom,PERSON
063,Josiah  Taylor,PERSON
063,Jane,PERSON
063,Tom,PERSON
064,Badwell,PERSON
064,Tyler,PERSON
064,G.  B.  on  one,PERSON
064,Robertson,PERSON
064,Ravenel,PERSON
064,Tom,PERSON
065,Gladden,PERSON
065,Richardson,PERSON
065,Robert  Allston,PERSON
065,Huger,PERSON
065,Abbeville,LOCATION
065,Badwell,PERSON
066,JANE  PETIGRU,PERSON
066,Charleston,LOCATION
066,Jane,PERSON
066,Gray,PERSON
066,Hamilton,PERSON
066,Thurston,PERSON
066,Thurston,LOCATION
066,Mary,PERSON
066,Louise,PERSON
066,Jane,PERSON
067,JANE  PETIGRU,PERSON
067,Savannah,LOCATION
067,John  Postell,PERSON
067,John,PERSON
067,Ma,PERSON
068,George  Street,PERSON
068,Sue,PERSON
068,Sue,PERSON
068,Anne  Deas,PERSON
068,Sally,PERSON
068,Nathan  Davis,PERSON
068,Kate,PERSON
068,Adieu,PERSON
068,Sue,PERSON
068,Henry,PERSON
069,Charleston,LOCATION
069,Tyler,PERSON
069,Sue,PERSON
069,Lowndes,PERSON
069,Sue,PERSON
069,Island,LOCATION
070,THOMAS  PETIGRU,PERSON
070,Calhoun,PERSON
070,Georgia,LOCATION
071,New  York,LOCATION
071,Whigs,LOCATION
072,"JANE PETIGRU NORTH
DATE",PERSON
072,Smith,LOCATION
072,Tennessee,LOCATION
073,THOMAS PETIGRU,PERSON
073,Allston,LOCATION
073,Buchanan,PERSON
073,Aiken,PERSON
073,Columbia,LOCATION
073,Boyce,LOCATION
073,Haigler,PERSON
073,Matthew,PERSON
073,Aiken,PERSON
073,Haigler,PERSON
073,Boyce,LOCATION
073,Boyce,LOCATION
073,Hoarf,LOCATION
073,Kohne,LOCATION
073,Calhoun,PERSON
073,Hammond,LOCATION
074,JANE,PERSON
074,Tom],PERSON
074,Rice,PERSON
074,Timothy,PERSON
074,Barbara  Barquet,PERSON
074,Gourdin,PERSON
074,Preston,PERSON
074,Hamilton,PERSON
074,Rice,PERSON
075,JANE,PERSON
075,Abbeville,LOCATION
076,JANE,PERSON
076,Charleston,LOCATION
076,Jane,PERSON
076,Greenville,LOCATION
076,Cowden,LOCATION
076,Camden,LOCATION
076,Texas,LOCATION
076,Arthur,PERSON
076,Middleton,PERSON
076,Timothy,PERSON
076,John  Huger,PERSON
076,John,PERSON
076,Margaret,PERSON
076,Island,LOCATION
076,Carson,PERSON
076,Caroline,LOCATION
076,Sue,PERSON
076,Martha,PERSON
076,Kinloch,PERSON
076,Bowman,PERSON
076,Mary,PERSON
077,"SUSAN PETIGRU KING
LOCATION",PERSON
077,White Sulphur,PERSON
077,Warm  Springs,LOCATION
077,Caroline,PERSON
077,Allegheny,LOCATION
077,Jerome  Bonaparte,PERSON
077,Edward  North,PERSON
077,Matt  Singleton,PERSON
077,Caroline,LOCATION
077,Bull,PERSON
077,Singleton,LOCATION
077,Martha,PERSON
077,Singleton,LOCATION
077,Caroline,PERSON
077,Caroline,PERSON
077,Singleton,LOCATION
077,Mary  McDuffie,PERSON
077,Gilmer,PERSON
077,Mattie,PERSON
077,Godmother,PERSON
078,Caroline,LOCATION
078,"Mary
McDuffie",PERSON
078,Caroline,LOCATION
078,James,PERSON
078,Stewart,PERSON
078,Andrew],PERSON
078,Stevenson,PERSON
078,Richard],PERSON
078,Singleton,LOCATION
078,Singleton,LOCATION
078,Henry],PERSON
078,Julia,PERSON
078,John],PERSON
078,Tyler,PERSON
078,Sweet,LOCATION
078,Ma,PERSON
078,Adele,PERSON
078,Sue,PERSON
079,Sweet  Springs,LOCATION
079,Sweet,LOCATION
079,Ma,PERSON
079,Ma,PERSON
079,Springs,LOCATION
079,George  R.],PERSON
079,Gilmer,PERSON
079,Virginia,LOCATION
079,William  H.  Cabell],PERSON
079,Virginia,LOCATION
079,Pennsylvania,LOCATION
079,Kame,PERSON
079,Boileau,PERSON
079,Wickham,PERSON
079,Richmond,LOCATION
079,Sweet,LOCATION
079,Springs,LOCATION
079,Stevenson,PERSON
079,"Mary
McDuffie",PERSON
079,Caroline,LOCATION
079,Springs,LOCATION
079,Uncle,PERSON
079,Charles,PERSON
079,Wickham,PERSON
079,Wickham,PERSON
079,the  hill,LOCATION
079,Stevenson,PERSON
079,Neufville,PERSON
079,Stevenson,PERSON
079,Caroline,PERSON
079,Mattie,PERSON
079,Caroline,PERSON
079,James,PERSON
079,Huger,PERSON
079,Daniel  arrived,PERSON
079,Daniel,PERSON
080,SUSAN,PERSON
080,Ingraham,PERSON
080,Caroline,LOCATION
080,Winchester,PERSON
080,Ingraham,PERSON
080,Caroline,LOCATION
080,Caroline,LOCATION
080,Skinner,PERSON
080,Virginia,LOCATION
080,"New
Orleans",LOCATION
080,Wilmington,LOCATION
080,Sue,PERSON
080,Ma,PERSON
080,Adele,PERSON
080,James,PERSON
080,Sue,PERSON
081,Charleston,LOCATION
081,Tom,PERSON
081,William  Blanding's,PERSON
081,William  Gillison,PERSON
082,Berrien,PERSON
082,Ma,PERSON
082,LeSeigneur,PERSON
082,Charleston,LOCATION
082,Ma,PERSON
082,Aunt,PERSON
082,Jane,PERSON
082,Sue,PERSON
082,Henry,PERSON
082,Adele,PERSON
083,Dan,PERSON
083,Augusta,PERSON
083,Augusta,PERSON
083,Polk,PERSON
083,Elmore,PERSON
083,Whigs,LOCATION
083,Adele,PERSON
083,Henry,PERSON
084,Georgia,LOCATION
084,Abraham  Tucker,PERSON
084,Tom  Thumb,PERSON
084,Milledgeville,PERSON
084,Georgia,LOCATION
084,Peter  Trezevant,PERSON
084,Adele,PERSON
084,Sue,PERSON
084,"Herschell
Johnson",PERSON
084,America,LOCATION
084,Henry,LOCATION
084,Polk,PERSON
084,Berrien,PERSON
084,Sue,PERSON
085,JANE,PERSON
085,Jane,PERSON
085,Thomas,PERSON
085,Tinsley,PERSON
085,Thomas,PERSON
085,Thomas,PERSON
085,Berrien,PERSON
085,United  States,LOCATION
085,Dawson,LOCATION
085,Bill,PERSON
086,JANE,PERSON
086,Jane,PERSON
086,Charleston,LOCATION
086,Peter  Trezevant,PERSON
086,Hamilton,PERSON
086,"Harriet
Porcher",PERSON
086,Mary,PERSON
087,JANE  PETIGRU,PERSON
087,Milledgeville,PERSON
087,Representa-,PERSON
088,SUSAN,PERSON
088,Augusta,LOCATION
088,Ma,PERSON
089,SUSAN,PERSON
089,Ma,PERSON
089,Pendleton,LOCATION
089,Martha,PERSON
089,Calhoun,PERSON
089,Abbeville,LOCATION
089,Burt,PERSON
089,Taylor,PERSON
089,"James
L.  Petigru",PERSON
089,Taylor,PERSON
089,Anderson,PERSON
089,Pendleton,LOCATION
089,Bernard  Bee,PERSON
089,Calhoun,PERSON
089,Calhoun,PERSON
089,Abbeville,LOCATION
089,Abbeville,LOCATION
089,Lucy,PERSON
089,Rosa,PERSON
089,Lucia,PERSON
089,Badwell,PERSON
089,Taylor,PERSON
089,Charles  Pelot,PERSON
089,Taylor,PERSON
089,Cass,PERSON
089,Taylor,PERSON
089,"Aunt
Jane",PERSON
089,Cary,PERSON
089,Charleston,LOCATION
089,Henry,PERSON
090,JANE  PETIGRU,PERSON
090,Jane,PERSON
090,Cap,PERSON
090,Porcher,PERSON
090,Collier,PERSON
090,Porcher,PERSON
091,JANE  PETIGRU,PERSON
091,Burt,PERSON
091,Phil,PERSON
091,William  Ross,PERSON
092,JANE,PERSON
092,Mary,PERSON
092,Carey,PERSON
092,Johnston,LOCATION
092,Caroline,LOCATION
092,Tom,PERSON
093,SUSAN,PERSON
093,Ma,PERSON
093,Ma,PERSON
093,Sullivan,PERSON
093,Island,LOCATION
093,Caroline,LOCATION
093,Louise,PERSON
093,Sue,PERSON
093,Caroline,LOCATION
093,Louise,PERSON
093,Henry,PERSON
093,Parent,LOCATION
094,SUSAN,PERSON
094,Henry,PERSON
094,Henry  D.  Lesesne,PERSON
095,Charleston,LOCATION
095,Bryan,PERSON
095,Kimhardt,LOCATION
095,Holmes,PERSON
095,J.  L.  Petigru,PERSON
096,SUSAN,PERSON
096,Philadelphia,LOCATION
096,Sue,PERSON
096,Carey,PERSON
096,W.  A.  Carson,PERSON
096,Osprey,PERSON
096,Carey,PERSON
096,South  Carolina,LOCATION
096,Hamilton,PERSON
096,Philadelphia,LOCATION
096,Osprey,PERSON
096,Hamilton,PERSON
096,Bill,PERSON
097,JANE  PETIGRU,PERSON
097,Virginia,LOCATION
098,JANE  PETIGRU,PERSON
098,Washington,LOCATION
098,Webster,PERSON
098,Webster,PERSON
098,Washington,LOCATION
098,Webster,PERSON
098,Phil,PERSON
099,JANE  PETIGRU,PERSON
099,South  Carolina,LOCATION
100,JANE  PETIGRU,PERSON
100,Pierce,PERSON
100,United  States,LOCATION
100,"New
Hampshire",LOCATION
100,Mexico,LOCATION
100,Pierce,PERSON
100,Whigs,LOCATION
100,New  Hampshire,LOCATION
100,Webster,PERSON
100,Webster,PERSON
100,Augusta,PERSON
100,Virginia,LOCATION
100,Sue,PERSON
101,JANE  PETIGRU,PERSON
101,Charleston,LOCATION
101,Jane,PERSON
101,Webster,PERSON
102,JANE,PERSON
102,Kohne,LOCATION
102,Washington,LOCATION
102,Cuyler,PERSON
102,Morse,PERSON
102,Amos,PERSON
103,Caroline,LOCATION
103,Ma,PERSON
103,Austen,PERSON
104,JANE,PERSON
104,Kane,PERSON
104,John  Franklin,PERSON
104,Jane,PERSON
104,Scuppernong,LOCATION
104,Jane,PERSON
105,JANE  PETIGRU,PERSON
105,Jane,PERSON
105,Mary,PERSON
105,Baker,PERSON
105,George  Davis,PERSON
105,Washington,LOCATION
105,Johnston,LOCATION
105,Mary,PERSON
105,Jane,PERSON
106,Charleston,LOCATION
106,Elliott,PERSON
106,W.  H.,PERSON
106,Verdict,PERSON
106,Verdict,PERSON
106,Essay,PERSON
106,Grayson,PERSON
106,quondam,LOCATION
106,Washington,LOCATION
107,JANE,PERSON
107,Charleston,LOCATION
107,Jane,PERSON
107,Shubrick,PERSON
107,Washington,LOCATION
107,Augusta,LOCATION
108,JANE,PERSON
108,Grayson,LOCATION
108,Keitt,PERSON
108,James  Jones,PERSON
109,Louise,PERSON
109,Little  Lou,PERSON
109,Charles,PERSON
109,Charles,PERSON
109,Charles,PERSON
109,Badwell,PERSON
109,Greenville,LOCATION
110,Rhett,PERSON
110,Jack,PERSON
110,Conner,PERSON
110,Johnston,PERSON
110,Rhetts,PERSON
110,Taber,PERSON
110,Magrath,LOCATION
110,Taber,PERSON
110,Taber,PERSON
110,Bellinger,PERSON
110,Conner,PERSON
110,Johnston,LOCATION
110,Allston,LOCATION
110,Parent,LOCATION
111,"MARY ANNE PETIGRU
LOCATION",PERSON
111,Florida,LOCATION
111,Anne,PERSON
111,J.  L.  Petigru,PERSON
112,Grandma,PERSON
112,Aunt,PERSON
112,Jane,PERSON
112,Sarah,PERSON
112,Lizzie,PERSON
113,JANE  PETIGRU,PERSON
113,Charleston,LOCATION
113,Ridge,PERSON
113,Charleston,LOCATION
113,Mississippi,LOCATION
114,JANE  PETIGRU,PERSON
114,Charleston,LOCATION
114,Ned,PERSON
114,South  Carolina,LOCATION
114,McKay,LOCATION
115,JANE,PERSON
115,Welton,LOCATION
115,James,PERSON
115,Caroline,LOCATION
115,Louise,PERSON
116,JANE,PERSON
116,Caroline,LOCATION
117,Te  Deum,PERSON
117,Johnston,LOCATION
117,Nelson,PERSON
117,Mitchell,PERSON
117,Porcher,PERSON
117,Huger,PERSON
117,J.  L.  P.,PERSON
118,JANE,PERSON
118,Charleston,LOCATION
118,Johnston,LOCATION
118,Nat,PERSON
118,Said,PERSON
118,Nat,PERSON
118,Nat,PERSON
118,Mary,PERSON
119,SUSAN,PERSON
119,Clenkscales,LOCATION
119,Sammy,PERSON
119,Sammy,PERSON
119,Ma,PERSON
120,JANE,PERSON
120,Jane,PERSON
120,Yankee,LOCATION
120,Bartholomew,PERSON
120,Martin,PERSON
120,Treville,LOCATION
121,Huger,PERSON
121,Douglass,PERSON
121,New  York,LOCATION
121,New  York,LOCATION
121,New  York,LOCATION
121,Dred  Scott,PERSON
121,the  Union,LOCATION
121,"South
Carolina",LOCATION
121,Yancey,PERSON
121,Douglass,PERSON
121,Douglass,PERSON
121,Morton,PERSON
121,Sweet,PERSON
121,Huger,PERSON
121,Charlotte,LOCATION
122,JANE,PERSON
123,JANE,PERSON
123,Johnston,LOCATION
123,North  Carolina,LOCATION
123,Henry,PERSON
124,JANE,PERSON
124,Schroeder,PERSON
124,Middleton,PERSON
124,Johnston,LOCATION
124,Caroline,LOCATION
124,Sue,PERSON
124,Caroline,LOCATION
124,New  York,LOCATION
124,Mary,PERSON
124,Louise,PERSON
124,Carey,PERSON
124,Charles,PERSON
124,Wilmington,LOCATION
125,EVERETT,PERSON
125,Washington,LOCATION
125,Washington,LOCATION
125,Washington,LOCATION
125,South  Carolina,LOCATION
125,the  Union,LOCATION
125,Alabama,LOCATION
125,Georgia,LOCATION
125,Demos,PERSON
125,Providence,PERSON
125,Washington,LOCATION
126,JANE,PERSON
126,James  Lowndes,PERSON
126,Middleton,PERSON
126,bert,PERSON
127,JANE  PETIGRU,PERSON
128,SUSAN,PERSON
128,Charleston,LOCATION
128,Georgia,LOCATION
128,United  States,LOCATION
128,Cherry  Hill,LOCATION
128,George  Street,PERSON
128,Parent,LOCATION
129,JANE,PERSON
129,Charleston,LOCATION
129,Jane,PERSON
129,John  Middleton,PERSON
129,Ben  Huger,PERSON
129,United  States,LOCATION
129,South  Carolina,LOCATION
129,Johnston,LOCATION
130,JANE,PERSON
130,James,PERSON
130,Allston,LOCATION
130,Porcher,PERSON
130,States,LOCATION
130,Buchanan,PERSON
130,States,LOCATION
130,the  Union,LOCATION
130,Georgia,LOCATION
131,JANE,PERSON
131,Charleston,LOCATION
131,Jane,PERSON
131,Caroline,LOCATION
131,James  north,PERSON
131,Mary,PERSON
131,Jack  Hamilton,PERSON
131,Dan,PERSON
131,James  North,PERSON
131,Virginian,LOCATION
131,Carolina,LOCATION
131,United  States,LOCATION
131,Jennings,PERSON
131,Alabama,LOCATION
131,Edgefield,PERSON
131,Charleston,LOCATION
131,Fort,LOCATION
131,Moultrie,PERSON
132,JANE,PERSON
132,Charleston,LOCATION
132,Jane,PERSON
132,Louise,PERSON
132,Joe,PERSON
132,Fort,LOCATION
132,Buchanan,PERSON
132,Johnston,LOCATION
132,Morris,PERSON
132,James,PERSON
132,Caroline,LOCATION
133,JANE,PERSON
133,Jane,PERSON
133,Caroline,LOCATION
133,Tupper,PERSON
133,Johnston,PERSON
133,James  North,PERSON
133,Hartstene,PERSON
133,Ingraham,PERSON
133,Tom  Huger  hang,PERSON
133,Johnston,LOCATION
133,James  Island,PERSON
134,JANE,PERSON
134,Johnston,LOCATION
134,James  Island,PERSON
134,Virginia,LOCATION
135,JANE,PERSON
135,Jane,PERSON
135,Fort,LOCATION
135,Sumter,LOCATION
136,SWITZERLAND,LOCATION
136,Charleston,LOCATION
136,Cook,PERSON
136,Voyages,PERSON
136,St.,LOCATION
136,Michael,PERSON
136,Gibert,PERSON
136,New  York,LOCATION
136,Pons,PERSON
136,Bill,PERSON
136,Charleston,LOCATION
136,Paris,LOCATION
136,Gibert,PERSON
136,Pierre,PERSON
136,Boutiton,LOCATION
136,Peurysburg,LOCATION
136,States,LOCATION
136,M.  A.  Crottet,PERSON
136,Yverdun,LOCATION
136,Canton,LOCATION
136,Suisse,LOCATION
136,De,PERSON
136,"Launey
Clarke  &  Co.",PERSON
136,New  York,LOCATION
136,J.  L.  P.,PERSON
137,Carey,PERSON
137,Mary  Blount,PERSON
137,Anderson,PERSON
137,Anderson,PERSON
138,JOHNSON,PERSON
138,Charleston,LOCATION
138,States,LOCATION
138,States,LOCATION
138,Maryland,LOCATION
138,South  Carolina,LOCATION
138,United  States,LOCATION
139,Willie,PERSON
139,Northern  States,LOCATION
139,i.  e.,PERSON
139,New  England,LOCATION
139,Grandmother,PERSON
139,Jim,PERSON
140,JANE  PETIGRU,PERSON
140,Jane,PERSON
140,Johnston,LOCATION
140,Virginia,LOCATION
140,Conner,PERSON
141,JANE,PERSON
141,Rhett,PERSON
141,the  Union,LOCATION
141,Johnston,PERSON
141,kinsman,PERSON
142,J.  JOHNSTON,PERSON
142,Johnston,PERSON
142,Rhett,PERSON
142,Charleston,LOCATION
143,Caroline,PERSON
143,Milton,PERSON
143,Johnston,LOCATION
143,Richmond,LOCATION
143,North  Carolina  Regiment,LOCATION
143,Richmond,LOCATION
143,Virginia,LOCATION
143,Ben,PERSON
143,Jeff,PERSON
143,Davis,PERSON
143,Winchester,PERSON
143,Virginia,LOCATION
143,William  Ross,PERSON
143,Jeff,PERSON
143,Davis,PERSON
143,Savannah,LOCATION
143,"New
York",LOCATION
143,Abbeville,LOCATION
143,Parent,LOCATION
144,Charleston,LOCATION
144,Morton,PERSON
144,Manassas,LOCATION
144,George  W.  Williams,PERSON
144,New  York,LOCATION
144,Sue,PERSON
144,Hurlbut,PERSON
144,Werner,PERSON
144,Georgians,PERSON
144,Parent,LOCATION
145,JANE  PETIGRU,PERSON
145,Bowie,PERSON
145,Allston,LOCATION
145,Manassas,LOCATION
145,Ben,PERSON
145,Ben,PERSON
145,Charlie  Axson,PERSON
145,Georgia,LOCATION
146,Aunt,PERSON
146,Mary,PERSON
146,Louise,PERSON
146,Aunt,PERSON
146,Jane,PERSON
146,Virginia,LOCATION
146,Manassas,LOCATION
146,Scott,PERSON
146,McLellan,PERSON
146,Davis,PERSON
146,Ripley,PERSON
146,South  Carolina,LOCATION
146,Rip,PERSON
146,Beauregard,PERSON
146,Beauregard,PERSON
146,Richmond,LOCATION
146,James,PERSON
146,Dresden,LOCATION
146,Jack  Middleton,PERSON
146,Trescot,PERSON
146,Henry  Young,PERSON
146,Johnston,LOCATION
146,North  Carolina  Regiment,LOCATION
146,Wise,PERSON
146,Virginia,LOCATION
146,Johnston,LOCATION
146,Charleston,LOCATION
146,Willie,PERSON
146,Parent,LOCATION
147,SUSAN,PERSON
147,Charleston,LOCATION
147,Lyon,PERSON
147,Hurlbut,PERSON
147,Virginian,LOCATION
147,Brown,PERSON
147,Cobb,LOCATION
147,Ma,PERSON
147,Parent,LOCATION
148,JANE,PERSON
148,William  Whaley,PERSON
148,Nelson,PERSON
148,Mitchell,PERSON
148,Whaley,PERSON
148,Miles,PERSON
148,Magrath,LOCATION
148,Alfred  Huger,PERSON
148,Gould,PERSON
148,Augusta,PERSON
148,Charleston,LOCATION
148,Georgians,PERSON
148,John  Butler,PERSON
148,Island,LOCATION
148,Scott,PERSON
148,Virginia,LOCATION
149,JANE,PERSON
149,Woodruff,LOCATION
149,Williams,PERSON
149,Wilkinson,LOCATION
150,JANE  PETIGRU,PERSON
150,Young,PERSON
150,Middleton,PERSON
150,Mississippi,LOCATION
150,New  Orleans,LOCATION
150,Charleston,LOCATION
150,Richmond,LOCATION
151,JANE,PERSON
151,Johnston,PERSON
151,Louise,PERSON
151,Johnston,PERSON
151,Nat,PERSON
151,Johnston,LOCATION
151,New  Orleans,LOCATION
152,JAMES  PETIGRU,PERSON
152,Charleston,LOCATION
152,James,PERSON
152,Porcher,PERSON
152,Charleston,LOCATION
152,Badwell,PERSON
152,Mahon,PERSON
152,Lou,PERSON
152,James,PERSON
152,James  Louis  Petigru,PERSON
152,Charlie  Allston,PERSON
152,James,PERSON
153,Charleston,LOCATION
153,Jane,PERSON
153,New  Orleans,LOCATION
153,Gazetteer,LOCATION
153,Charleston,LOCATION
153,Moscow,LOCATION
153,Charleston,LOCATION
153,Charleston,LOCATION
154,JANE,PERSON
154,Edisto  Island,LOCATION
154,Edgerton,PERSON
154,Henry  King,PERSON
154,Michael,PERSON
155,Charleston,LOCATION
155,Caroline,PERSON
155,Charleston,LOCATION
155,Sumter,PERSON
155,Togno,PERSON
155,S.  W.  direction,PERSON
155,St.  Finbarr's,LOCATION
155,James  Louis  Petigru,PERSON
155,James,PERSON
155,Cuthbert,PERSON
155,Charleston,LOCATION
155,Adieu,PERSON
156,JANE,PERSON
156,Charleston,LOCATION
156,Jane,PERSON
156,Tognio,PERSON
156,Caroline,PERSON
156,William  Cuthbert,PERSON
156,St.  Finbar's,LOCATION
156,Logan,LOCATION
156,Willington,PERSON
156,Augusta,LOCATION
156,Tognio,PERSON
156,Meeting  Street,LOCATION
156,Jim,PERSON
156,Jane,PERSON
157,Charleston,LOCATION
157,Cousin,LOCATION
157,Flat  Rock,LOCATION
157,William,PERSON
157,"Tom
Coffin",PERSON
157,Charleston,LOCATION
157,James  Louis  Petigru,PERSON
157,Ma,PERSON
160,Charleston,LOCATION
160,St.,LOCATION
160,Michael,PERSON
160,Johnston,PERSON
160,J.  L.  Petigru,PERSON
161,JANE,PERSON
161,Charleston,LOCATION
161,Burnside,PERSON
161,"North
Carolina",LOCATION
161,Charles,PERSON
161,Andrew,PERSON
161,Katy,PERSON
161,Charlotte,LOCATION
161,Marcus,LOCATION
161,Jack,PERSON
161,Jane,PERSON
162,Charleston,LOCATION
162,James,PERSON
162,Willington,PERSON
162,Montes-,PERSON
162,James,PERSON
162,Willie,PERSON
162,Robertson,PERSON
162,Ma,PERSON
162,Savannah,LOCATION
162,"North
Carolina",LOCATION
162,Scuppernong,LOCATION
162,Tom,PERSON
162,Linda,PERSON
162,Blatchford,LOCATION
163,JANE,PERSON
163,Sammy,PERSON
163,Johnston,LOCATION
163,Holmes,PERSON
164,J.  JOHNSTON,PERSON
164,Charleston,LOCATION
164,Johnston,PERSON
164,J.  D.,PERSON
164,North  Carolina,LOCATION
164,J.  D.,PERSON
164,McClellan,PERSON
164,Johnston,LOCATION
164,Manassas,LOCATION
164,Columbus,LOCATION
164,Charles,PERSON
164,William,PERSON
164,James  Louis  Petigru,PERSON
164,Adieu,LOCATION
165,JANE,PERSON
165,Jane,PERSON
165,Nelson,PERSON
165,Dickson,PERSON
165,Jane,PERSON
165,Jack,PERSON
165,Jack,PERSON
166,Johnston Ho,PERSON
166,Charleston,LOCATION
166,S.C.,LOCATION
166,Charleston,LOCATION
166,Carey,PERSON
166,Sherman,PERSON
166,Hilton,LOCATION
166,Edisto,LOCATION
166,Mary,PERSON
166,Ripley,LOCATION
166,Evans,PERSON
166,Stono,LOCATION
166,Coosawhatchie,PERSON
166,Drayton,LOCATION
166,Purrysburg,LOCATION
166,Ripley,LOCATION
166,Sherman,PERSON
166,Merrimack,PERSON
166,Erickson,PERSON
166,Davis,PERSON
166,North  Carolina,LOCATION
166,Carey,PERSON
166,Charles,PERSON
166,William,PERSON
166,Sherman,PERSON
166,South  Carolina,LOCATION
166,States,LOCATION
166,South  Carolina,LOCATION
166,Drayton,LOCATION
166,Frasier,PERSON
166,Florida,LOCATION
166,Johnston,LOCATION
166,England,LOCATION
167,JANE,PERSON
167,Charleston,LOCATION
167,Johnston,LOCATION
167,Lewis  Young's,PERSON
167,Johnston,LOCATION
167,Richmond,LOCATION
167,Washington,LOCATION
168,Charleston,LOCATION
168,Carey,PERSON
168,"Jack
Hamilton",PERSON
168,Jack,PERSON
168,Louisa,PERSON
168,England,LOCATION
168,Nassau,LOCATION
168,Savannah,LOCATION
168,Ma,PERSON
168,Plowden,LOCATION
168,Weston,LOCATION
168,Haddrels,PERSON
168,Corinth,LOCATION
168,Huntsville,PERSON
168,Jo  Blyth,PERSON
168,Jo,PERSON
168,Uncle,PERSON
168,Ben,PERSON
168,Knoxville,LOCATION
168,Lieut,PERSON
168,Charley,PERSON
168,Porcher,PERSON
168,Phil,PERSON
168,Savannah,LOCATION
168,James,PERSON
168,Charles,PERSON
168,William,PERSON
168,Adele,PERSON
168,Dan,PERSON
168,Calhoun,LOCATION
168,Henry,LOCATION
168,Sumter  Guards,PERSON
168,James  Island,PERSON
169,SUSAN,PERSON
169,Charleston,LOCATION
169,Savannah,LOCATION
169,Rhett,PERSON
169,Mississippi,LOCATION
169,Parent,LOCATION
170,Charleston,LOCATION
170,James,PERSON
170,Norfolk,LOCATION
170,McClellan,LOCATION
170,Jo,PERSON
170,Johnston,LOCATION
170,Demos,PERSON
170,Virginia,LOCATION
170,Mississippi,LOCATION
170,Mississippi,LOCATION
170,Sumter,LOCATION
170,Ripley,PERSON
170,Columbia,LOCATION
170,Togno,PERSON
170,Ma,PERSON
170,Van  Buren,PERSON
170,V.  B.,PERSON
170,William  C.  Hetward,PERSON
170,Jo  Blyth,PERSON
170,James  Lowndes,PERSON
170,John  DeSaussure,PERSON
170,William,PERSON
170,Liverpool,LOCATION
170,Jack  Middleton,PERSON
170,Drayton,LOCATION
170,James  Lowndes,PERSON
170,Johnston,LOCATION
171,S.  C.  WILLIAMS,PERSON
171,Charleston,LOCATION
171,Wingate,PERSON
171,Williams,PERSON
171,Pickens,PERSON
172,New  York,LOCATION
172,Carson,PERSON
172,Aunt,PERSON
172,Harriette,PERSON
172,Spartanburg,LOCATION
172,Carey,PERSON
172,Cherry  Hill,LOCATION
172,Mary  Blount,PERSON
172,Petersburg,PERSON
172,Allston,LOCATION
172,China,LOCATION
172,Johnston,LOCATION
172,Ben,PERSON
172,Knoxville,LOCATION
172,Phil,PERSON
172,Savannah,LOCATION
172,Charley,PERSON
172,Charleston,LOCATION
172,Charleston,LOCATION
172,New  York,LOCATION
172,Countess,LOCATION
172,Charleston,LOCATION
172,J.  L.  Petigru,PERSON
173,S.  C.  WILLIAMS,PERSON
173,Charleston,LOCATION
173,Pickens,PERSON
173,Williams,PERSON
173,Wingate,PERSON
173,Wingate,PERSON
173,Pettigrew,LOCATION
174,Jane,PERSON
174,Johnston,LOCATION
174,Albert,PERSON
174,Charles,PERSON
174,Johnston,LOCATION
174,Tom,PERSON
174,Stand,LOCATION
174,Charleston,LOCATION
174,Pickens,PERSON
174,Johnston,LOCATION
174,Richmond,LOCATION
174,Middleton,PERSON
174,James  Island,PERSON
175,JANE,PERSON
175,Behold,PERSON
175,Prescott,PERSON
175,Prescott,PERSON
176,Charleston,LOCATION
176,France,LOCATION
176,England,LOCATION
176,Chickahominy,PERSON
176,Johnston,LOCATION
176,Pettigrew,LOCATION
176,Fort,LOCATION
176,Moultrie,PERSON
176,"Tom 
Wagner",PERSON
177,JANE,PERSON
177,Charleston,LOCATION
177,Jane,PERSON
177,Joe,PERSON
177,Mackey,PERSON
177,Virginia,LOCATION
177,Hilton,LOCATION
177,McClellan,PERSON
177,Lee,PERSON
177,Charleston,LOCATION
177,James  River,PERSON
177,James  Louis  Petigru,PERSON
178,SUSAN,PERSON
178,Johnston,LOCATION
178,Parent,LOCATION
179,Johnston,PERSON
179,James  Carson,PERSON
179,New  York,LOCATION
179,Louinie,PERSON
179,New  England,LOCATION
179,Rhett,LOCATION
179,Yancey,PERSON
179,Wigfall,PERSON
179,Jane,PERSON
179,J.  L.  P.,PERSON
180,JANE,PERSON
180,Apostle,PERSON
181,JANE,PERSON
181,Jane,PERSON
181,Elkins,PERSON
181,Elkins,PERSON
181,Elkins,PERSON
181,Pocataligo,PERSON
181,Columbia,LOCATION
181,Pickens,PERSON
181,Elkins,PERSON
181,Baden,LOCATION
181,George,PERSON
181,George,PERSON
181,John,PERSON
181,George,PERSON
181,Charleston,LOCATION
181,James  Louis  Petigru,PERSON
181,Jacob  Drayton,PERSON
181,Lieut,PERSON
181,Conroy,LOCATION
181,Hilton,LOCATION
181,Johnston,LOCATION
181,Charles,PERSON
181,Johnston,LOCATION
181,Foster,PERSON
182,"G.  DIDIER
LOCATION",PERSON
182,St.,LOCATION
182,Michael,PERSON
182,Charleston,LOCATION
182,Michael,PERSON
182,States,LOCATION
182,Jeff,PERSON
182,Davis,PERSON
182,Seward,PERSON
183,Charleston,LOCATION
185,JANE,PERSON
185,Jane,PERSON
185,Johnston,LOCATION
185,Beauregard,PERSON
185,Johnston,LOCATION
185,Ben,PERSON
187,"JANE PETIGRU NORTH
DATE",PERSON
188,"JANE PETIGRU NORTH
DATE",PERSON
189,"JANE PETIGRU NORTH
DATE",PERSON
190,Augusta,LOCATION
194,Tom,PERSON
195,Jane,PERSON
195,Magrath,LOCATION
196,Toney,PERSON
196,Marcus,LOCATION
196,Toney,PERSON
197,Harvey,PERSON
198,Harvey,PERSON
198,Toney,PERSON
199,Harvey,PERSON
200,Toney,PERSON
201,the  hill,LOCATION
202,JOSEPH W. ALLSTON,PERSON
203,W.,PERSON
204,Jefferson,PERSON
205,"JANE PETIGRU NORTH
LOCATION",PERSON
205,Charleston,LOCATION
205,Jane,PERSON
205,the  Union,LOCATION
205,Henry  Middleton*,PERSON
205,Grimke,PERSON
205,Grimke,LOCATION
205,Blake  White,PERSON
205,Grimke,LOCATION
205,Edgefield,PERSON
205,Edgefield,LOCATION
205,James  Smith,PERSON
205,the  Union  party,LOCATION
205,Prioleauf,PERSON
206,Charleston,LOCATION
206,Bill,PERSON
206,Hamilton,PERSON
206,McDuffie,PERSON
206,Greenville,LOCATION
206,Johnson,PERSON
206,Philadelphia,LOCATION
206,New  York,LOCATION
207,Charleston,LOCATION
207,the  Union,LOCATION
207,Richardson,PERSON
207,Blanding,LOCATION
207,Holmes,PERSON
207,William],PERSON
207,Johnson,PERSON
207,Carolina,LOCATION
207,Carolina,LOCATION
207,Georgia,LOCATION
207,Johnson,PERSON
207,Bench,PERSON
207,Dunkin,PERSON
207,Wardens,PERSON
207,Bunell,PERSON
207,Robinson,PERSON
208,HUGH S. LEGARE,PERSON
208,Charleston,LOCATION
208,the  Union,LOCATION
208,Gregg,PERSON
208,William  C.j  Preston,PERSON
208,Arthur  Hayne,PERSON
208,Anti-Jackson,PERSON
208,North  Carolina,LOCATION
208,Mississippi,LOCATION
208,New  Hampshire,LOCATION
208,New  Jersey,LOCATION
208,Charleston,LOCATION
208,Johnson,PERSON
208,Wayne,PERSON
208,Baldwin,PERSON
208,Yours,LOCATION
209,HUGH S. LEGARE,PERSON
209,Charleston,LOCATION
209,Simon,PERSON
209,Shall,PERSON
209,McDuffie,PERSON
209,Woodstock,PERSON
209,Pee-Dee,PERSON
209,Tom  Williams,PERSON
209,"B.  F.] 
Hunt",PERSON
209,America,LOCATION
209,Bench,PERSON
209,Cooper,PERSON
209,little  Johnson,PERSON
209,Cooper,PERSON
209,Henry,PERSON
209,Henry,LOCATION
209,Cooper,PERSON
209,Henry,LOCATION
209,Charleston,LOCATION
209,Mississippi,LOCATION
209,South  Carolina,LOCATION
209,Hamilton,PERSON
209,Baltimore,LOCATION
209,Dick  Johnson,PERSON
209,Pierce,PERSON
209,V.  B.,PERSON
209,Johnson,PERSON
209,Leigh,PERSON
209,Forsyth,PERSON
209,Georgia,LOCATION
209,Preston,PERSON
209,McDuffie,PERSON
209,Hamilton,PERSON
209,Daniel,PERSON
209,Jefferson,PERSON
209,"South 
Carolina",LOCATION
209,St.  James,LOCATION
210,Charleston,LOCATION
210,Scotch,LOCATION
210,Scotch,LOCATION
210,Cousin,LOCATION
210,Margaret,PERSON
210,Gules,LOCATION
211,HUGH S. LEGARE,PERSON
211,Charleston,LOCATION
211,Ash,PERSON
211,Charleston,LOCATION
211,North,PERSON
211,Calhoun,PERSON
211,Smith,LOCATION
211,Stapleton,LOCATION
211,Washington,LOCATION
211,Pinckney,PERSON
211,Charleston,LOCATION
211,New  York,LOCATION
211,Scott,PERSON
211,Charleston,LOCATION
211,Adieu,PERSON
211,Yours,LOCATION
212,Charleston,LOCATION
212,Jane,PERSON
212,Charleston,LOCATION
212,Mary,PERSON
213,Jane,PERSON
213,Carr,PERSON
213,Collier,PERSON
213,Calhoun,PERSON
213,Sancho,LOCATION
213,Barrataria,LOCATION
213,Columbia,LOCATION
213,Thomas,PERSON
213,Starke,LOCATION
213,Adieu,PERSON
213,Jane,PERSON
213,Carr,PERSON
213,United  States,LOCATION
213,Alabama,LOCATION
214,Charleston,LOCATION
214,Jane,PERSON
214,Dickert,PERSON
214,O'Neale,PERSON
214,Britt,PERSON
214,Poinsett,PERSON
214,Rochefoucauld,LOCATION
214,Stoney,PERSON
215,Charleston,LOCATION
215,Cincinnati,LOCATION
215,New  York,LOCATION
215,Ultima,LOCATION
215,Steedman,PERSON
215,Wayne,PERSON
215,Dan,PERSON
215,rattan,PERSON
215,Washington,LOCATION
215,Poinsett,PERSON
215,Britt,PERSON
215,O'Neale,PERSON
215,Island,LOCATION
215,the  City  Hall,LOCATION
215,Fisk,PERSON
215,Fisk,PERSON
215,Britt,PERSON
215,Jack,PERSON
215,McLean,PERSON
215,Jack,PERSON
215,Adieu,PERSON
215,Jane,PERSON
215,Mary,PERSON
216,Washington,LOCATION
216,Jane,PERSON
216,Britt,PERSON
216,Britt,PERSON
216,Calhoun,PERSON
216,Pickens,PERSON
216,Smith,LOCATION
216,Rhett,PERSON
216,Calhoun,PERSON
216,Jane,PERSON
216,Caroline,LOCATION
216,Newport,LOCATION
216,New  York,LOCATION
216,Charleston,LOCATION
216,Tom,PERSON
216,Elmore,PERSON
216,Richardson,PERSON
216,Poinsett,PERSON
217,THOMAS PETIGRU,PERSON
217,Washington,LOCATION
217,Tom,PERSON
217,Calhoun,PERSON
217,Divorce,PERSON
217,Calhoun,PERSON
217,Smith,LOCATION
217,Webster,PERSON
217,Calhoun,PERSON
217,Jane,PERSON
217,Anne,PERSON
217,Tom,PERSON
218,JANE,PERSON
218,Tom,PERSON
218,Reid,PERSON
218,Reid,PERSON
218,Dunkin,PERSON
219,HUGH S. LEGARE,PERSON
219,Preston,PERSON
219,Washington,LOCATION
219,Rhett,PERSON
219,Jim,PERSON
219,Albert,PERSON
219,Hamilton,PERSON
219,McDuffie,PERSON
219,Toomer,PERSON
219,Elmore,PERSON
219,Elmore,PERSON
219,Bill,PERSON
219,Charleston,LOCATION
219,Preston,PERSON
220,HUGH S. LEGARE,PERSON
220,Charleston,LOCATION
220,Ben  Huger,PERSON
220,Alfred,PERSON
220,South  Carolina,LOCATION
220,Specie,PERSON
220,Miss,PERSON
220,Munford,LOCATION
220,Whitfields,PERSON
220,Caroline,PERSON
220,"J.  L.  P. 

Strange",PERSON
221,JANE,PERSON
222,WILLIAM ELLIOT,PERSON
222,Charleston,LOCATION
222,william  elliott,PERSON
222,Charleston,LOCATION
222,Elliott,PERSON
222,Tyler,PERSON
223,Caroline,PERSON
224,Charleston,LOCATION
224,Charleston,LOCATION
224,J.  L.  Petigru,PERSON
225,Sue,PERSON
225,Savan-,PERSON
225,Jim*,PERSON
225,Rhett,PERSON
225,Isaac  Holmes,PERSON
225,Rhett,PERSON
226,JANE PETIGRU NORTH,PERSON
226,Washington,LOCATION
226,Constellation^,LOCATION
226,Thomas,PERSON
226,P.S.,LOCATION
226,Hamilton,PERSON
227,"JANE PETIGRU NORTH
DATE",PERSON
227,Huger,PERSON
227,Caroline,PERSON
227,Carson,PERSON
227,Georgia,LOCATION
227,Trezevant,PERSON
227,Chattahoochee,LOCATION
228,"JANE PETIGRU NORTH
LOCATION",PERSON
228,Easter,PERSON
228,Clay,PERSON
228,W.  B.  Pringle's,PERSON
228,Robertson,PERSON
229,"JANE PETIGRU NORTH
DATE",PERSON
230,JANE,PERSON
230,Rice,PERSON
230,Preston,PERSON
231,JANE,PERSON
231,Calhoun,PERSON
231,McDuffie,PERSON
231,Guilfoyle,PERSON
232,"SUSAN PETIGRU KING
LOCATION",PERSON
232,Sweet Springs,PERSON
232,susan  petigru,PERSON
232,Sweet,PERSON
232,Ma,PERSON
232,Hamburgh,LOCATION
232,Sweet,PERSON
232,Sweet,PERSON
232,Caroline,LOCATION
232,Sweet,LOCATION
232,Springs,LOCATION
232,Caroline,LOCATION
232,Caroline,PERSON
232,Red  Springs,LOCATION
232,James,PERSON
232,Stewart,PERSON
232,Massey,PERSON
232,James,PERSON
232,Caroline,LOCATION
232,Sulphur,PERSON
232,Sulphur,PERSON
232,Caroline,LOCATION
232,Caroline,LOCATION
232,Stevenson,PERSON
232,Richmond,LOCATION
232,Caroline,PERSON
232,Philadelphia,LOCATION
232,New  York,LOCATION
232,Ma,PERSON
232,Adele,PERSON
232,Sue,PERSON
233,JAMES L. PETIGRU,PERSON
233,Sulphur Springs,PERSON
233,james  l.  petigru,PERSON
233,Jane,PERSON
233,Philadelphia,LOCATION
233,Caroline,PERSON
233,James,PERSON
233,Charleston,LOCATION
233,Sue,PERSON
233,Thine,LOCATION
233,Louis,PERSON
234,"JANE PETIGRU NORTH
LOCATION",PERSON
234,Sulphur Springs,PERSON
234,Va.,LOCATION
234,Va.,LOCATION
234,Jane,PERSON
234,Caroline,PERSON
234,Winchester,PERSON
234,Baltimore,LOCATION
234,Baltimore,LOCATION
234,Washington,LOCATION
234,Richmond,LOCATION
234,Wilmington,LOCATION
234,Philadelphia,LOCATION
234,New  York,LOCATION
234,Charleston,LOCATION
234,Clay,PERSON
235,Milledgeville,PERSON
235,Milledgeville,PERSON
235,Adele,PERSON
235,Michael,PERSON
235,us,LOCATION
235,Henry,PERSON
235,George  Street,PERSON
236,THOMAS PETIGRU,PERSON
236,Charleston,LOCATION
236,thomas  petigru,PERSON
236,Charleston,LOCATION
236,Tom,PERSON
236,Conner,PERSON
236,Chisolm,PERSON
236,John,PERSON
236,Howland,LOCATION
236,Carson,PERSON
236,Coster,PERSON
236,Anne,PERSON
237,"SUSAN PETIGRU KING
LOCATION",PERSON
237,susan  petigru,PERSON
237,Milledgeville,PERSON
237,Sue,PERSON
237,Sanford,PERSON
237,Harris,PERSON
237,Honesty,LOCATION
237,Bill,PERSON
237,Edgefield,LOCATION
237,Levee,PERSON
237,Ma,PERSON
237,Ma,PERSON
237,George  Street,PERSON
237,Ma,PERSON
237,Henry,PERSON
237,Adele,PERSON
237,Sue,PERSON
238,"JANE PETIGRU NORTH
LOCATION",PERSON
238,Charleston,LOCATION
238,Charleston,LOCATION
238,Milledgeville,PERSON
239,B.  T.,PERSON
239,William,PERSON
239,Johnson,PERSON
239,Hamburg,LOCATION
239,Gadsden,PERSON
240,THOMAS PETIGRU,PERSON
240,Charleston,LOCATION
240,thomas  petigru,PERSON
240,Charleston,LOCATION
240,Tom,PERSON
240,Dan,PERSON
240,Dan,PERSON
240,Abbeville,LOCATION
240,Hamilton,PERSON
240,Manigault,PERSON
240,York,LOCATION
240,North  Carolina,LOCATION
240,Mexico,LOCATION
240,Mcintosh,PERSON
241,"JANE PETIGRU NORTH
LOCATION",PERSON
241,Charleston,LOCATION
241,Charleston,LOCATION
241,Jane,PERSON
242,"JANE PETIGRU NORTH
LOCATION",PERSON
242,Charleston,LOCATION
242,Charleston,LOCATION
242,Jane,PERSON
242,Savannah,LOCATION
242,Milledgeville,PERSON
243,"JANE PETIGRU NORTH
LOCATION",PERSON
243,Charleston,LOCATION
243,Taylor,PERSON
243,Cass,PERSON
243,Calhoun,PERSON
243,Theater,PERSON
243,Charleston,LOCATION
243,Taylor,PERSON
243,Taylor,PERSON
243,Taylor,PERSON
243,John  Cunningham,PERSON
244,THOMAS PETIGRU,PERSON
244,California,LOCATION
245,"JANE PETIGRU NORTH
LOCATION",PERSON
245,Charleston,LOCATION
245,JANE  PETIGRU  NORTH,PERSON
245,Charleston,LOCATION
245,Jane,PERSON
245,James  Johnston  Pettigrew,PERSON
245,America,LOCATION
245,Caroline,PERSON
246,Charleston,LOCATION
246,Charleston,LOCATION
246,Whaley,PERSON
247,Henry,PERSON
247,Henry  King  so,PERSON
248,"JANE PETIGRU NORTH
DATE",PERSON
248,Badwell,PERSON
248,Preston,PERSON
248,Preston,PERSON
248,Ben,PERSON
248,Martin,PERSON
248,B.  F.]  Perry,PERSON
248,Henry,LOCATION
248,Rhett,PERSON
248,Rhett,LOCATION
248,Rhett,PERSON
248,Johnston,LOCATION
248,Berlin,LOCATION
248,Hungary,LOCATION
248,Johnston,LOCATION
248,Rhett,PERSON
249,"JANE PETIGRU NORTH
LOCATION",PERSON
249,Camden,LOCATION
249,Camden,LOCATION
249,Wardlaw,LOCATION
249,DeKalb,PERSON
249,Cornwallis,PERSON
249,James  Chesnut,PERSON
250,PHILIP Porcher,PERSON
250,Charleston,LOCATION
250,Charleston,LOCATION
250,Phil,PERSON
250,Graham,PERSON
250,Philip  Porcher,PERSON
250,T.  O.  Selfridge,PERSON
250,E.  P.  Lull,PERSON
250,Charleston,LOCATION
250,James  Louis  Petigru,PERSON
250,Phil,PERSON
250,Charleston,LOCATION
250,Phil,PERSON
250,Graham,PERSON
250,Graham,PERSON
250,W.  A.  Graham,PERSON
250,United  States,LOCATION
250,Midshipman,PERSON
250,Phil,PERSON
250,J.  L.  Petigru,PERSON
251,JANE  PETIGRU,PERSON
251,Charleston,LOCATION
251,Charleston,LOCATION
251,Philadelphia,LOCATION
251,Mary  Blount,PERSON
251,Louis,PERSON
251,Jane,PERSON
252,Huger,PERSON
252,Singleton,LOCATION
252,James  Louis  Petigru,PERSON
252,John  Randolph's,PERSON
252,Warm  Springs,LOCATION
253,"JANE PETIGRU NORTH
LOCATION",PERSON
253,Charleston,LOCATION
253,Charleston,LOCATION
253,Island,LOCATION
253,Louis,PERSON
253,Pacelot,LOCATION
253,Charleston,LOCATION
253,David  Johnson,PERSON
253,Washington,LOCATION
254,JANE,PERSON
254,Charleston,LOCATION
254,JANE  PETIGRU  NORTH,PERSON
254,Charleston,LOCATION
254,Charles,PERSON
254,Dick,PERSON
254,Phil,PERSON
254,Savannah,LOCATION
254,Washington,LOCATION
254,Kohne,LOCATION
254,J.  L.  P.,PERSON
255,JANE,PERSON
255,Charleston,LOCATION
255,Charleston,LOCATION
256,"william  elliott 

St.  Michael's",PERSON
256,Elliott,PERSON
256,William,PERSON
256,Heyward,PERSON
256,George  B.  Cuthbert,PERSON
256,Heyward,PERSON
256,Heyward,PERSON
257,JANE,PERSON
257,Charleston,LOCATION
257,Charleston,LOCATION
257,Washington,LOCATION
258,JANE,PERSON
258,Charleston,LOCATION
258,Johnston,LOCATION
258,Tupper,PERSON
258,Mary,PERSON
259,"SUSAN PETIGRU KING
LOCATION",PERSON
259,susan  petigru,PERSON
259,Badwell,PERSON
259,Billy  Patterson,PERSON
259,Maine,LOCATION
259,Robin,PERSON
259,Moderns,PERSON
259,Willie,PERSON
259,Ma,PERSON
259,Grandmother,PERSON
259,Henry,LOCATION
259,Sue,PERSON
260,JANE,PERSON
260,Charleston,LOCATION
260,Jane,PERSON
260,Jane,PERSON
260,Jane  Caroline,PERSON
260,"John 
A.",PERSON
260,Calhoun,PERSON
260,Georgia,LOCATION
260,Savannah,LOCATION
260,Washington,LOCATION
260,Tom,PERSON
260,"Matthew  Fon- 
taine] Maury",PERSON
261,Charleston,LOCATION
261,william  elliott,PERSON
261,Charleston,LOCATION
261,Elliott,PERSON
261,Law,PERSON
261,Hymen,PERSON
261,O'Neale,PERSON
261,Elliott,PERSON
261,Johnston  Pettigrew,LOCATION
261,Elliott,PERSON
262,"SUSAN PETIGRU KING
LOCATION",PERSON
262,Tallahassee,LOCATION
262,susan  petigru,PERSON
262,Tallahassee,LOCATION
262,Charleston,LOCATION
262,Sue,PERSON
262,Law,PERSON
262,"Hardy  Bryan 
Croom",PERSON
262,Archer,PERSON
262,Allen,PERSON
262,McFarland,LOCATION
262,Sappington,LOCATION
262,Croom,PERSON
262,Law,PERSON
262,Law,PERSON
262,Croom,PERSON
262,Wakulla,PERSON
262,Sue,PERSON
263,"JANE PETIGRU NORTH
LOCATION",PERSON
263,Charleston,LOCATION
263,Charleston,LOCATION
263,Oilman,PERSON
263,Louise,PERSON
264,EDWARD EVERETT,PERSON
264,Charleston,LOCATION
264,S.C.,LOCATION
264,Charleston,LOCATION
264,Yeadon,LOCATION
264,Easter,PERSON
264,Easter,PERSON
264,J.  L.  Petigru,PERSON
265,"SUSAN PETIGRU KING
LOCATION",PERSON
265,susan  petigru,PERSON
265,Badwell,PERSON
265,Aunt,PERSON
265,Jane,PERSON
265,Ma,PERSON
265,Frost,PERSON
265,Ridge,PERSON
265,Morse,PERSON
265,Tennessee,LOCATION
265,Marietta,LOCATION
265,Robert],PERSON
265,Henry,PERSON
265,Johnston,LOCATION
265,Storey,PERSON
265,Pothier,PERSON
265,Washington,LOCATION
265,"Miss 
Fanny",PERSON
265,Mathewson,LOCATION
265,Johnston,LOCATION
265,Virginia,LOCATION
265,Johnston,LOCATION
266,W. NOEL,PERSON
266,London,LOCATION
266,Charleston,LOCATION
266,w.  noel,PERSON
266,london,LOCATION
266,Charleston,LOCATION
266,Bill,PERSON
266,Literary,PERSON
266,Reubens,LOCATION
266,Bill,PERSON
266,E.  Gibert,PERSON
266,Grut,PERSON
266,Alais,LOCATION
266,Languedoc,PERSON
266,Rome,LOCATION
266,E.  Gibert,PERSON
266,"Louis  Dumesnil  de 
St.  Pierre",PERSON
266,St  Pierre,PERSON
266,Vine,PERSON
266,St  Pierre,PERSON
266,St  Pierre,PERSON
266,Jean  de  la  Howe,PERSON
266,New  Bordeaux,PERSON
266,South  Carolina,LOCATION
266,Joseph  Samuel  Pettigrew,PERSON
266,Liverpool,LOCATION
267,J. P. DEVEAUX,PERSON
267,Michael,PERSON
267,Richard,PERSON
267,St.,LOCATION
267,Toney,PERSON
267,Toney,PERSON
267,Richard,PERSON
267,Richard,PERSON
268,Charleston,LOCATION
268,william  elliott,PERSON
268,Charleston,LOCATION
268,Elliott,PERSON
268,Smalley,LOCATION
268,Verdict,PERSON
268,Ingraham,PERSON
268,Calas,PERSON
268,Treville,LOCATION
268,Tom  Rhett,PERSON
268,Smalley,LOCATION
268,Treville,LOCATION
268,Rhett,PERSON
268,Smalley,LOCATION
268,Farmer,PERSON
268,Treville,LOCATION
268,Lieut,PERSON
269,EDWARD EVERETT,PERSON
269,Charleston,LOCATION
269,Charleston,LOCATION
269,Everett,PERSON
269,"Massa- 
chusetts",PERSON
269,Boston,LOCATION
269,Themis,LOCATION
269,J.  Shaw,PERSON
269,Charleston,LOCATION
269,Shaw,PERSON
269,Everett,PERSON
270,"JANE PETIGRU NORTH
LOCATION",PERSON
270,Charleston,LOCATION
270,Charleston,LOCATION
270,Jane,PERSON
270,Georgia,LOCATION
270,"South 
Carolina",LOCATION
270,Georgians,PERSON
270,Ann  Pamela  Cunningham,PERSON
270,Joe,PERSON
271,"JANE PETIGRU NORTH
LOCATION",PERSON
272,"JANE PETIGRU NORTH
LOCATION",PERSON
272,Charleston,LOCATION
272,JANE,PERSON
272,Charleston,LOCATION
272,Jane,PERSON
272,Mary,PERSON
272,States,LOCATION
272,Fort,LOCATION
272,Johnston,LOCATION
272,Henry,LOCATION
272,Caroline,LOCATION
272,James,PERSON
272,James,PERSON
272,James,PERSON
272,James,PERSON
272,James  North's,PERSON
272,Phil,PERSON
272,Phil,PERSON
272,Tom  Pelot,PERSON
272,Gwinne,PERSON
272,Pickens,PERSON
272,Morris,PERSON
273,"JANE PETIGRU NORTH
LOCATION",PERSON
273,Charleston,LOCATION
273,Charleston,LOCATION
273,Jane,PERSON
273,Pickens,PERSON
273,Fort,LOCATION
273,Johnston,PERSON
273,South  Carolina,LOCATION
273,United  States,LOCATION
273,South  Carolina,LOCATION
273,Johnston,LOCATION
273,Morris,PERSON
273,Island,LOCATION
273,Henry,LOCATION
274,EDWARD EVERETT,PERSON
274,Charleston,LOCATION
274,Charleston,LOCATION
274,Everett,PERSON
274,Singular,LOCATION
274,Mitchell,PERSON
274,Charleston,LOCATION
274,Jus,PERSON
274,Shaw,PERSON
274,Faulkner,PERSON
274,Cotton  Country,PERSON
275,"JANE PETIGRU NORTH
LOCATION",PERSON
275,Michael,PERSON
275,States,LOCATION
275,Washington,LOCATION
275,States,LOCATION
275,"George 
Ingraham",PERSON
275,George  is,PERSON
275,George,PERSON
275,South  Carolina,LOCATION
275,George  Ingraham,PERSON
275,Dunkin,PERSON
275,Pickens,PERSON
275,Pickens,PERSON
276,"JANE PETIGRU NORTH
LOCATION",PERSON
276,Michael,PERSON
276,Jane,PERSON
276,Jeff,PERSON
276,Davis,PERSON
276,Pickens,PERSON
276,Pickens,PERSON
276,Jeff,PERSON
276,Washington,LOCATION
276,United  States,LOCATION
276,United  States,LOCATION
276,States,LOCATION
276,James  Louis  Petigru,PERSON
276,United  States,LOCATION
277,"JANE PETIGRU NORTH
LOCATION",PERSON
277,Charleston,LOCATION
277,Charleston,LOCATION
277,Jane,PERSON
277,United  States,LOCATION
277,Uncle,PERSON
277,Sam,PERSON
277,Johnston,LOCATION
277,Gregg,PERSON
277,Morris,PERSON
278,Charleston,LOCATION
278,Charleston,LOCATION
278,Massachusetts,LOCATION
278,J.  L.  Petigru,PERSON
279,WILLIAM CARSON,PERSON
279,Charleston,LOCATION
279,william  carson,PERSON
279,Charleston,LOCATION
279,Willie,PERSON
279,Mormons,PERSON
279,Fort,LOCATION
279,Anderson,PERSON
279,Johnston,LOCATION
279,St.,LOCATION
279,Michael,PERSON
279,Abraham,PERSON
279,Georgia,LOCATION
279,"South 
Carolina",LOCATION
279,the  Union,LOCATION
279,Willie,PERSON
279,Territory,PERSON
279,States,LOCATION
279,Territory,PERSON
279,States,LOCATION
279,States,LOCATION
279,States,LOCATION
279,States,LOCATION
279,Louisiana,LOCATION
279,Mouth,PERSON
279,Mississippi,LOCATION
279,Cotton,PERSON
279,States,LOCATION
279,States,LOCATION
279,Willie,PERSON
280,"SUSAN PETIGRU KING
LOCATION",PERSON
280,susan  petigru,PERSON
280,Michael,PERSON
280,R.  F.  W.  Allston,PERSON
280,Aunt,PERSON
280,Jane,PERSON
280,Aunt,PERSON
280,Mary,PERSON
280,Ann,PERSON
280,James,PERSON
281,"JANE PETIGRU NORTH
LOCATION",PERSON
281,Michael,PERSON
281,Johnston,PERSON
281,"James 
Island",PERSON
281,Fort,LOCATION
281,Sumpter,PERSON
282,J. JOHNSTON PETTIGREW,PERSON
282,J.  JOHNSTON    PETTIGREW,PERSON
282,Michael,PERSON
282,Johnston,PERSON
282,Sumter,PERSON
282,v.  Singleton,PERSON
282,Beauregard,PERSON
282,Huger,PERSON
282,Jeff,PERSON
282,Davis,PERSON
282,Washington,LOCATION
282,Anderson,PERSON
283,M. A. CROTTET,PERSON
283,Charleston,LOCATION
283,m.  a.  crottet,PERSON
283,Charleston,LOCATION
283,Bill,PERSON
283,United  States,LOCATION
283,New  York,LOCATION
283,France,LOCATION
283,M.  A.  Crottet,PERSON
283,Yverdun,LOCATION
283,Canton,LOCATION
283,Suisse,LOCATION
284,Ma,PERSON
284,Aunt,PERSON
284,Jane,PERSON
284,James,PERSON
284,Blatchford,PERSON
284,Charleston,LOCATION
284,Schuyler,PERSON
284,Schuyler,PERSON
284,New  York,LOCATION
284,Jack,PERSON
284,Middleton,PERSON
284,James  Louis  Petigru,PERSON
284,Trescot,PERSON
284,Henry  Young,PERSON
284,Charleston,LOCATION
284,Young,PERSON
284,Henry  Young,PERSON
284,James,PERSON
284,James,PERSON
284,Virginia,LOCATION
284,Lieut,PERSON
284,Conner,PERSON
284,Johnston,LOCATION
284,Johnston,LOCATION
284,Charleston,LOCATION
284,Richmond,LOCATION
284,Magna,LOCATION
284,Charta,LOCATION
284,Charleston,LOCATION
284,Virginia,LOCATION
284,Bethel,PERSON
284,Jeff,PERSON
284,Davis,PERSON
284,Scott,PERSON
285,carson,PERSON
285,America,LOCATION
285,"North 
Carolina",LOCATION
285,Willie,PERSON
285,Caroline,PERSON
286,"SUSAN PETIGRU KING
LOCATION",PERSON
286,susan  petigru,PERSON
286,Richmond,LOCATION
286,Charleston,LOCATION
286,James  Louis  Petigru,PERSON
286,Charleston,LOCATION
286,Charleston,LOCATION
286,Sue,PERSON
287,"JANE PETIGRU NORTH
LOCATION",PERSON
287,Cherry  Hill,LOCATION
287,Willington  Guards,PERSON
287,Burt,PERSON
287,Charleston,LOCATION
287,Nashville,LOCATION
287,Embrace,PERSON
287,Louise,PERSON
287,Sister,LOCATION
287,Messrs,PERSON
287,Henry,PERSON
287,Johnston,LOCATION
287,Ben,PERSON
288,"JANE PETIGRU NORTH
LOCATION",PERSON
288,Charleston,LOCATION
288,Charleston,LOCATION
288,Jane,PERSON
288,Lee,PERSON
288,Tognio,PERSON
288,Sue,PERSON
288,Kings,LOCATION
288,Greenville,LOCATION
288,Sister  Ann,PERSON
288,Mary,PERSON
288,John,PERSON
288,Charleston,LOCATION
288,J.,PERSON
288,Porcher,PERSON
289,Charleston,LOCATION
289,carson,PERSON
289,Charleston,LOCATION
289,Hachet,PERSON
289,Norfolk,LOCATION
289,New  York,LOCATION
289,Oelrich,PERSON
289,Jack,PERSON
289,Middleton,PERSON
289,Henry  Young,PERSON
289,Trescot,PERSON
289,Henry  Young,PERSON
289,Gen.,LOCATION
289,Drayton,LOCATION
289,Jack,PERSON
289,Togno,PERSON
289,Sue,PERSON
289,Adele,PERSON
289,Aunt,PERSON
289,Anna,PERSON
289,Louise,PERSON
289,Marion,PERSON
289,Porcher,PERSON
289,Edisto,LOCATION
289,"William 
Whaley",PERSON
289,Sherman,PERSON
289,Jeff,PERSON
289,Davis,PERSON
289,Jefferson,PERSON
289,Lee,PERSON
289,North,PERSON
289,Charleston,LOCATION
289,James  Louis  Petigru,PERSON
289,Charley,PERSON
289,Porcher,PERSON
289,Virginia,LOCATION
289,Jem,PERSON
289,Allston,LOCATION
289,Chicora,PERSON
289,Waccamaw,LOCATION
289,Mary  Pettigrew,PERSON
289,Petersburg,PERSON
289,Charles,PERSON
289,Carey,PERSON
289,Scuppernong,LOCATION
289,Johnston,LOCATION
289,"North  Carolina 
Regiment",LOCATION
289,the  Union,LOCATION
289,^j^j,PERSON
290,JANE,PERSON
290,Charleston,LOCATION
290,Jane,PERSON
290,South  Carolina  Historical  Society,LOCATION
290,James  Louis  Petigru,PERSON
290,Louise  Porcher,PERSON
290,Huger,PERSON
290,Everett,PERSON
290,Jo,PERSON
291,Charleston,LOCATION
291,Bull,PERSON
291,Charleston,LOCATION
291,Louise  Porcher,PERSON
291,James,PERSON
292,MISS E. L. RUTLEDGE,PERSON
292,Rutledge,LOCATION
293,"JANE PETIGRU NORTH
LOCATION",PERSON
293,Charleston,LOCATION
293,Blessings,PERSON
293,Williams,PERSON
293,Wingate,PERSON
293,"George 
Williams",PERSON
293,Wijliams,LOCATION
293,Washington,LOCATION
293,Seward,PERSON
294,Charleston,LOCATION
294,James,PERSON
294,James,PERSON
294,Willington,PERSON
295,Sally,PERSON
295,J.  L.  Petigru,PERSON
296,JANE,PERSON
296,Charleston,LOCATION
296,Caroline,PERSON
297,"JANE PETIGRU NORTH
LOCATION",PERSON
297,Charleston,LOCATION
297,Johnston,LOCATION
297,Nashville,LOCATION
297,Gulf  States,LOCATION
297,Virginia,LOCATION
297,Carolinas,LOCATION
297,Virginia,LOCATION
297,Tennessee,LOCATION
297,Floyd,PERSON
297,Sherman,PERSON
297,William  Martin,PERSON
297,Carey,PERSON
297,North  Carolina,LOCATION
297,Charles,PERSON
297,Johnston,PERSON
297,William,PERSON
297,Allston,LOCATION
297,Adele,PERSON
297,Winyah  Bay,LOCATION
298,"JANE PETIGRU NORTH
LOCATION",PERSON
298,Savannah,LOCATION
298,Allen  Izard,PERSON
298,Savannah,LOCATION
298,Mary,PERSON
299,Charleston,LOCATION
299,James,PERSON
299,James  Louis  Petigru,PERSON
299,William  Heyward,PERSON
300,"SUSAN PETIGRU KING
LOCATION",PERSON
300,Johnston,LOCATION
300,North  Carolina  Volunteers,LOCATION
300,Edenton,PERSON
300,Greenville,LOCATION
300,Charleston,LOCATION
300,Henry,PERSON
300,Henrietta,LOCATION
301,"JANE PETIGRU NORTH
DATE",PERSON
301,Susy  North,PERSON
301,Hibernian  Hall,PERSON
302,"JANE PETIGRU NORTH
LOCATION",PERSON
302,Charleston,LOCATION
302,Jane,PERSON
302,Johnston,LOCATION
302,Jeff,PERSON
302,Davis,PERSON
302,Caroline,LOCATION
303,"JANE PETIGRU NORTH
LOCATION",PERSON
303,Charleston,LOCATION
303,Beauregard,PERSON
303,James  Louis  Petigru  •         441,PERSON
303,Johnston,LOCATION
303,Jack,PERSON
303,Tempe,LOCATION
304,"JANE PETIGRU NORTH
LOCATION",PERSON
304,Charleston,LOCATION
304,Jane,PERSON
304,Ben,PERSON
304,Gen.,LOCATION
304,Kirby,LOCATION
304,Smith,LOCATION
304,Burnside,PERSON
304,Savannah,LOCATION
305,"JANE PETIGRU NORTH
LOCATION",PERSON
305,Charleston,LOCATION
305,Carey,PERSON
305,Scuppernong,LOCATION
305,England,LOCATION
305,Waccamaw,LOCATION
305,Georgetown,LOCATION
305,Charleston,LOCATION
305,Moultrie,PERSON
305,Caroline,LOCATION
305,Havana,LOCATION
305,New  Orleans,LOCATION
305,Jem,PERSON
306,Charleston,LOCATION
306,Elliott,PERSON
306,Lady,PERSON
306,Elliott,PERSON
306,Jeff,PERSON
306,Davis,PERSON
306,Ripley,LOCATION
306,Fort,LOCATION
306,Sumter,PERSON
306,Moultrie,PERSON
306,Charleston,LOCATION
306,Charleston,LOCATION
306,Fort,LOCATION
306,Elliott,PERSON
306,J.  L.  Petigru,PERSON
307,JANE,PERSON
307,Charleston,LOCATION
307,Jane,PERSON
307,Joe,PERSON
307,Johnston,LOCATION
307,"William  I. 
Pettigrew",PERSON
307,Richmond,LOCATION
307,James  Island,PERSON
307,Georgia,LOCATION
308,"SUSAN PETIGRU KING
LOCATION",PERSON
308,Charleston,LOCATION
308,Choiseul,PERSON
308,Johnston,LOCATION
308,Lewis  Gourdine,PERSON
308,Lewis,PERSON
308,Dan,PERSON
308,Henry,LOCATION
308,Secessionville,PERSON
308,Richmond,LOCATION
308,Johnston,PERSON
308,Magrath,LOCATION
308,James,PERSON
308,Guillou,PERSON
308,Philadelphia,LOCATION
308,Togno,PERSON
308,Norfolk,LOCATION
308,Fraser,PERSON
308,England,LOCATION
308,Charleston,LOCATION
309,"JANE PETIGRU NORTH
LOCATION",PERSON
309,Charleston,LOCATION
309,Henry  King,PERSON
309,Secessionville,PERSON
309,George  Street,PERSON
309,Mack,PERSON
309,Forrest,PERSON
309,Winnsborough,LOCATION
309,Greer,PERSON
309,Forrest,PERSON
309,Johnston,LOCATION
309,Richmond,LOCATION
309,Lewis  Young,PERSON
309,Caroline,LOCATION
309,States,LOCATION
309,"John 
Edwards",PERSON
309,W.  J.  P.  and,PERSON
309,ston,PERSON
310,"JANE PETIGRU NORTH
LOCATION",PERSON
310,Charleston,LOCATION
310,Jane,PERSON
310,Carey,PERSON
310,James  Island,PERSON
310,J.  L.  P.,PERSON
311,Charleston,LOCATION
311,Jane,PERSON
311,McClellan,PERSON
311,Wonderful,PERSON
311,McClellan,PERSON
311,McClellan,LOCATION
311,Johnston,LOCATION
311,Johnston,LOCATION
312,Carey,PERSON
312,Willington,PERSON
312,Jo,PERSON
312,"Lewis 
Gilmer",PERSON
312,Alexander  Bowie,PERSON
312,Alabama,LOCATION
312,Johnston,LOCATION
312,Petersburg,LOCATION
312,Lowndes,PERSON
313,JANE,PERSON
313,Jane,PERSON
313,Elkins,PERSON
313,Elkins,PERSON
314,JANE,PERSON
314,James,PERSON
314,James,PERSON
314,Athens,LOCATION
314,Chapel  Hill,PERSON
314,James,PERSON
314,Charleston,LOCATION
314,Athens,LOCATION
314,Cobb,LOCATION
314,Cobb,LOCATION
315,Charleston,LOCATION
315,Caroline,PERSON
315,James,PERSON
315,Athens,LOCATION
315,Georgia,LOCATION
315,Chapel  Hill,PERSON
315,North  Carolina,LOCATION
315,"South  Carolina 
College",LOCATION
315,Charleston,LOCATION
315,Jim,PERSON
315,Mississippi,LOCATION
315,States,LOCATION
315,James  Lowndes,PERSON
315,Jo  Blythe,PERSON
315,Allston,LOCATION
315,Jo,PERSON
315,"Ben  All- 
ston",PERSON
315,Harrodsburg,LOCATION
315,Kentucky,LOCATION
315,Charleston,LOCATION
315,Philip  Porcher,PERSON
315,Charley,PERSON
315,Johnston,LOCATION
315,Petersburg,PERSON
315,Miles,PERSON
315,Richmond,LOCATION
315,Peter  Gourdin,PERSON
315,Rhett,PERSON
315,Grimke,LOCATION
315,Rhett,PERSON
315,Ben,PERSON
315,Robert  Rhett,PERSON
315,Burnett,PERSON
315,Rhett,LOCATION
315,Henrietta,LOCATION
315,Ellen  King,PERSON
315,Frank,PERSON
315,Henderson,LOCATION
315,Amelia,LOCATION
315,Mattie,PERSON
315,"Louise 
Porcher",PERSON
315,States,LOCATION
315,Alabama,LOCATION
315,Georgia,LOCATION
315,Florida,LOCATION
315,Carolinas,LOCATION
315,Virginia,LOCATION
315,States,LOCATION
315,Kings,LOCATION
315,Demos,PERSON
315,Jack,PERSON
315,Greenville,LOCATION
315,Alfred,PERSON
315,Trescott,PERSON
316,Charleston,LOCATION
316,Dan,PERSON
316,Carter,PERSON
316,Adam  Milliken,PERSON
316,Augusta,PERSON
316,Daniel,PERSON
316,Michael,PERSON
317,Allston,PERSON
317,Carey,PERSON
317,William,PERSON
317,James,PERSON
317,Chapel  Hill,PERSON
317,Rosa  Izard,PERSON
317,Baltimore,LOCATION
317,Arthur,PERSON
317,Huger,PERSON
317,Van  Buren's,PERSON
317,United  States,LOCATION
317,William  Heyward,PERSON
317,William  Elliott,PERSON
317,Sister  Ann's,PERSON
317,Mac,PERSON
317,George  Street,PERSON
317,"George 
Street",PERSON
317,Meeting  Street,LOCATION
317,Adele,PERSON
317,Ben,PERSON
318,JAMES PETIGRU CARSON,PERSON
318,Willie,PERSON
318,William  Ross,PERSON
318,Nassau,LOCATION
318,William,PERSON
318,Charley,PERSON
318,Allston,LOCATION
318,Wilmington,LOCATION
318,Aunt,PERSON
318,Adele,PERSON
318,Ben,PERSON
318,Ben,PERSON
318,Kirby,LOCATION
318,Smith,LOCATION
318,Texas,LOCATION
318,Charleston,LOCATION
318,Savannah,LOCATION
318,Aunt  Sue  is,PERSON
319,JANE,PERSON
319,Hunter,PERSON
319,Savannah,LOCATION
319,Wilmington,LOCATION
319,Hunter,PERSON
319,Adele,PERSON
319,Johnny  Jones,PERSON
319,Bragg,LOCATION
319,John,PERSON
319,Johnny,PERSON
319,Corinth,LOCATION
319,McGowan,PERSON
319,Johnston,LOCATION
